Rehab_id,Underwriting_Rehab,Rehab_Calculation,Paint,Flooring_Flag,Foundation_Flag,Roof_Flag,HVAC_Flag,Kitchen_Flag,Bathroom_Flag,Appliances_Flag,Windows_Flag,Landscaping_Flag,Trashout_Flag
1,66402,54602,NULL,No,Yes,NULL,NULL,NULL,NULL,No,Yes,NULL,No
2,20995,67666,Yes,Yes,Yes,No,Yes,Yes,NULL,NULL,Yes,No,No
3,64582,68022,No,NULL,Yes,Yes,Yes,No,Yes,NULL,NULL,Yes,No
4,57763,30244,Yes,No,NULL,NULL,No,No,No,Yes,No,No,Yes
5,74265,29580,NULL,Yes,NULL,No,No,No,No,Yes,No,Yes,NULL
6,3134,46819,No,NULL,No,Yes,NULL,NULL,No,No,Yes,NULL,No
7,9019,62585,NULL,NULL,NULL,No,No,NULL,Yes,Yes,NULL,NULL,NULL
8,34292,58712,NULL,NULL,Yes,NULL,Yes,NULL,Yes,No,Yes,NULL,Yes
9,33314,68060,NULL,Yes,No,No,NULL,Yes,Yes,No,Yes,Yes,NULL
10,77074,60444,Yes,Yes,NULL,No,NULL,Yes,No,NULL,Yes,Yes,NULL
11,1951,54708,No,Yes,No,No,No,No,Yes,Yes,Yes,Yes,No
12,2974,7901,No,NULL,NULL,No,No,No,NULL,No,NULL,No,NULL
13,9761,92143,No,Yes,NULL,Yes,No,NULL,NULL,NULL,Yes,NULL,No
14,56240,42308,No,No,No,Yes,No,No,NULL,Yes,Yes,Yes,NULL
15,78898,10597,Yes,No,No,Yes,NULL,Yes,NULL,NULL,Yes,NULL,No
16,28084,4988,NULL,NULL,Yes,Yes,Yes,Yes,No,No,NULL,NULL,NULL
17,66027,92696,Yes,NULL,Yes,NULL,NULL,NULL,Yes,No,NULL,NULL,No
18,87660,18589,NULL,Yes,No,No,No,No,Yes,No,NULL,Yes,NULL
19,48739,85873,No,No,NULL,No,Yes,No,Yes,No,Yes,No,Yes
20,87969,49852,Yes,Yes,NULL,Yes,No,NULL,No,NULL,NULL,Yes,Yes
21,88098,45361,NULL,No,Yes,No,No,No,No,No,NULL,Yes,NULL
22,28401,46332,Yes,Yes,NULL,No,Yes,NULL,NULL,NULL,No,Yes,No
23,86130,97149,No,Yes,Yes,No,No,Yes,No,Yes,NULL,Yes,Yes
24,40549,51230,Yes,NULL,NULL,NULL,No,No,Yes,No,NULL,Yes,No
25,29086,52210,Yes,Yes,No,Yes,Yes,No,No,NULL,NULL,No,No
26,23550,13969,No,NULL,NULL,No,Yes,Yes,No,Yes,No,NULL,NULL
27,93814,38232,NULL,NULL,No,Yes,Yes,No,NULL,NULL,NULL,NULL,No
28,82788,24018,Yes,NULL,No,No,No,NULL,NULL,No,Yes,NULL,No
29,48788,22340,NULL,NULL,No,NULL,NULL,No,Yes,NULL,Yes,NULL,No
30,31860,34940,NULL,NULL,Yes,No,NULL,NULL,No,Yes,NULL,NULL,Yes
31,86632,44892,Yes,No,NULL,NULL,NULL,NULL,Yes,NULL,NULL,NULL,Yes
32,71789,1494,No,Yes,NULL,NULL,Yes,Yes,Yes,No,NULL,Yes,NULL
33,7885,38525,No,Yes,No,NULL,NULL,Yes,Yes,Yes,No,NULL,No
34,46374,17926,Yes,No,NULL,NULL,Yes,Yes,NULL,Yes,NULL,NULL,Yes
35,51510,15338,NULL,NULL,Yes,No,Yes,NULL,NULL,NULL,NULL,No,NULL
36,24024,42390,NULL,NULL,NULL,NULL,No,No,Yes,Yes,NULL,NULL,No
37,92615,88106,Yes,Yes,No,No,Yes,Yes,NULL,NULL,NULL,NULL,No
38,6561,80439,Yes,NULL,Yes,Yes,Yes,No,Yes,Yes,NULL,No,No
39,50054,11723,Yes,NULL,No,NULL,Yes,Yes,No,NULL,NULL,No,No
40,99822,23748,Yes,Yes,Yes,No,Yes,NULL,No,No,No,NULL,No
41,24667,77770,NULL,NULL,NULL,No,No,NULL,No,NULL,NULL,No,NULL
42,4491,76330,NULL,Yes,No,Yes,No,Yes,NULL,No,Yes,NULL,No
43,90699,75549,Yes,Yes,No,No,No,No,No,No,No,NULL,No
44,65696,18309,No,NULL,Yes,No,Yes,Yes,NULL,NULL,No,No,NULL
45,94442,69196,Yes,NULL,No,Yes,Yes,Yes,Yes,Yes,NULL,Yes,NULL
46,39359,46562,No,No,NULL,NULL,NULL,NULL,Yes,No,No,Yes,NULL
47,64789,63457,No,NULL,NULL,Yes,Yes,Yes,NULL,No,Yes,NULL,NULL
48,45742,4185,NULL,NULL,NULL,NULL,Yes,Yes,NULL,Yes,NULL,NULL,NULL
49,39210,39003,Yes,NULL,NULL,No,NULL,NULL,NULL,No,NULL,NULL,NULL
50,8448,67940,Yes,NULL,No,Yes,Yes,No,No,NULL,Yes,Yes,NULL
51,93184,66387,Yes,No,Yes,Yes,No,NULL,No,No,Yes,Yes,Yes
52,31514,83062,NULL,No,Yes,Yes,Yes,Yes,No,NULL,No,No,NULL
53,37524,29001,NULL,Yes,NULL,Yes,No,Yes,No,Yes,No,No,Yes
54,30239,956,No,No,Yes,Yes,Yes,Yes,Yes,No,Yes,NULL,Yes
55,38077,57301,NULL,No,NULL,NULL,NULL,Yes,No,NULL,NULL,No,No
56,6698,58994,NULL,No,NULL,Yes,Yes,No,No,Yes,Yes,No,No
57,44936,99186,NULL,Yes,NULL,Yes,No,NULL,No,No,NULL,NULL,Yes
58,51596,51912,NULL,NULL,No,Yes,No,NULL,Yes,No,Yes,NULL,No
59,38703,99520,NULL,No,NULL,No,Yes,NULL,Yes,Yes,No,No,NULL
60,82192,51009,NULL,NULL,Yes,NULL,Yes,No,NULL,Yes,Yes,No,NULL
61,90703,14376,No,NULL,NULL,No,No,No,NULL,No,No,No,NULL
62,76257,11206,Yes,Yes,NULL,Yes,No,NULL,No,NULL,NULL,Yes,No
63,31974,3015,NULL,NULL,No,Yes,No,NULL,NULL,No,NULL,NULL,No
64,10843,97903,Yes,No,NULL,No,NULL,Yes,No,Yes,No,No,Yes
65,30766,85257,Yes,Yes,No,NULL,NULL,NULL,Yes,Yes,Yes,Yes,No
66,92062,113,No,No,NULL,Yes,NULL,NULL,No,Yes,NULL,NULL,No
67,28335,13484,No,Yes,Yes,NULL,No,No,Yes,Yes,NULL,Yes,Yes
68,42997,37333,Yes,No,No,No,Yes,No,No,Yes,No,NULL,No
69,92063,47814,No,Yes,Yes,NULL,No,NULL,Yes,NULL,No,Yes,No
70,58775,97944,No,No,Yes,No,NULL,NULL,No,No,Yes,No,No
71,30432,64380,Yes,NULL,NULL,Yes,Yes,No,NULL,NULL,NULL,No,NULL
72,84528,54739,No,Yes,NULL,No,Yes,Yes,NULL,NULL,NULL,NULL,No
73,45205,78473,No,NULL,Yes,Yes,Yes,No,NULL,NULL,Yes,NULL,Yes
74,33096,83901,No,No,Yes,Yes,Yes,No,NULL,NULL,Yes,No,NULL
75,71148,46468,No,Yes,No,Yes,NULL,Yes,No,Yes,No,No,Yes
76,15151,69050,NULL,No,No,NULL,No,No,NULL,No,NULL,NULL,NULL
77,42635,34768,No,NULL,No,NULL,Yes,NULL,Yes,No,NULL,NULL,No
78,66154,62550,No,NULL,NULL,NULL,NULL,NULL,NULL,NULL,NULL,Yes,No
79,15997,42175,No,Yes,NULL,Yes,Yes,Yes,Yes,Yes,No,No,Yes
80,30000,60426,Yes,No,No,NULL,NULL,Yes,Yes,Yes,NULL,NULL,Yes
81,86260,34181,Yes,Yes,No,NULL,Yes,Yes,NULL,NULL,No,Yes,Yes
82,3704,88752,Yes,Yes,Yes,NULL,No,Yes,NULL,NULL,No,No,Yes
83,70850,77471,No,Yes,Yes,No,NULL,No,No,Yes,Yes,Yes,Yes
84,37286,62054,No,No,Yes,No,Yes,Yes,NULL,NULL,NULL,No,NULL
85,32879,73938,NULL,NULL,NULL,NULL,No,NULL,No,NULL,Yes,Yes,Yes
86,71287,99196,NULL,NULL,NULL,NULL,NULL,NULL,No,No,Yes,Yes,No
87,5758,78207,Yes,Yes,NULL,NULL,Yes,Yes,No,NULL,NULL,Yes,No
88,71991,14606,Yes,No,NULL,No,No,Yes,No,NULL,Yes,No,No
89,19143,58193,No,Yes,NULL,NULL,Yes,Yes,NULL,No,No,Yes,Yes
90,78707,65209,Yes,NULL,NULL,No,No,No,NULL,No,Yes,No,NULL
91,16228,8656,No,No,Yes,No,No,No,No,Yes,Yes,Yes,Yes
92,88093,9615,Yes,No,Yes,Yes,NULL,No,Yes,Yes,Yes,Yes,Yes
93,835,47702,No,NULL,NULL,NULL,NULL,Yes,NULL,NULL,NULL,Yes,No
94,36046,32472,Yes,NULL,NULL,No,NULL,NULL,Yes,Yes,NULL,No,Yes
95,63418,11414,NULL,No,No,No,Yes,No,Yes,Yes,Yes,NULL,No
96,51470,52187,NULL,Yes,NULL,No,No,No,Yes,Yes,NULL,NULL,Yes
97,57167,54733,Yes,NULL,No,Yes,NULL,No,Yes,Yes,NULL,Yes,No
98,13160,93357,NULL,Yes,Yes,No,NULL,NULL,NULL,NULL,Yes,Yes,Yes
99,75009,94305,NULL,NULL,NULL,No,Yes,No,No,No,Yes,Yes,Yes
100,82056,66641,NULL,NULL,Yes,Yes,NULL,NULL,NULL,No,NULL,NULL,NULL
101,42058,29234,No,Yes,NULL,NULL,NULL,NULL,NULL,NULL,No,NULL,NULL
102,46299,27030,NULL,No,Yes,NULL,No,Yes,Yes,NULL,Yes,NULL,Yes
103,86810,27488,No,Yes,NULL,Yes,No,No,NULL,NULL,NULL,NULL,NULL
104,31149,34972,NULL,NULL,NULL,Yes,Yes,No,NULL,No,No,No,No
105,82366,33713,Yes,NULL,No,Yes,NULL,No,NULL,NULL,NULL,No,No
106,3872,3427,Yes,No,Yes,No,No,Yes,No,NULL,Yes,NULL,No
107,17249,16279,Yes,No,No,Yes,Yes,Yes,No,Yes,No,No,No
108,55333,27316,No,Yes,No,NULL,Yes,Yes,No,Yes,NULL,NULL,NULL
109,69539,62315,NULL,Yes,Yes,Yes,Yes,No,No,No,Yes,NULL,Yes
110,15310,75430,Yes,NULL,NULL,Yes,No,NULL,NULL,No,Yes,No,NULL
111,82012,49057,No,No,Yes,Yes,No,No,Yes,Yes,NULL,No,NULL
112,44353,84412,Yes,Yes,Yes,Yes,NULL,NULL,No,No,Yes,No,Yes
113,14460,22473,NULL,NULL,No,No,Yes,Yes,No,NULL,Yes,No,NULL
114,73238,81900,Yes,Yes,Yes,NULL,No,Yes,Yes,NULL,Yes,Yes,Yes
115,71278,5247,No,Yes,No,NULL,No,Yes,Yes,Yes,NULL,NULL,No
116,11280,38641,NULL,No,No,NULL,No,NULL,Yes,No,Yes,No,Yes
117,45489,72075,No,NULL,NULL,NULL,No,Yes,NULL,No,No,Yes,Yes
118,97640,21003,No,NULL,Yes,NULL,NULL,NULL,No,Yes,No,No,NULL
119,38922,91982,NULL,No,Yes,Yes,No,No,NULL,NULL,Yes,NULL,Yes
120,9262,94558,NULL,No,NULL,NULL,NULL,No,Yes,No,No,No,NULL
121,44138,52946,Yes,Yes,Yes,NULL,Yes,NULL,NULL,No,NULL,No,Yes
122,69383,55821,No,NULL,NULL,NULL,Yes,Yes,Yes,NULL,NULL,NULL,NULL
123,87878,64799,NULL,Yes,Yes,NULL,No,No,No,Yes,NULL,Yes,Yes
124,88234,52109,NULL,Yes,Yes,Yes,No,Yes,No,No,No,No,NULL
125,41425,66835,NULL,Yes,NULL,Yes,NULL,No,NULL,Yes,Yes,No,Yes
126,85397,63367,Yes,Yes,NULL,No,Yes,No,Yes,Yes,Yes,Yes,No
127,8324,42594,No,NULL,Yes,Yes,NULL,NULL,No,NULL,Yes,NULL,No
128,8882,23354,Yes,Yes,Yes,NULL,Yes,Yes,NULL,NULL,No,No,Yes
129,45220,49383,No,No,NULL,NULL,Yes,NULL,Yes,No,Yes,Yes,No
130,92548,87865,Yes,No,Yes,Yes,No,No,NULL,Yes,NULL,NULL,No
131,23264,77947,No,No,Yes,No,NULL,Yes,NULL,No,Yes,Yes,No
132,82832,1441,NULL,Yes,NULL,Yes,Yes,No,NULL,Yes,NULL,No,No
133,62552,62016,No,NULL,NULL,NULL,Yes,No,No,Yes,NULL,Yes,Yes
134,4607,35757,No,NULL,NULL,Yes,Yes,No,NULL,NULL,Yes,No,Yes
135,92800,2908,Yes,No,No,No,NULL,NULL,NULL,No,No,NULL,Yes
136,36138,80035,Yes,No,NULL,Yes,No,NULL,Yes,Yes,NULL,Yes,No
137,74453,84410,NULL,NULL,Yes,No,Yes,No,Yes,Yes,NULL,No,NULL
138,46893,63984,NULL,Yes,NULL,Yes,Yes,Yes,No,NULL,NULL,No,Yes
139,35280,33769,No,Yes,No,Yes,NULL,No,Yes,No,NULL,Yes,No
140,49067,28804,NULL,No,Yes,Yes,Yes,No,Yes,Yes,No,Yes,NULL
141,61913,22879,Yes,No,Yes,No,NULL,No,NULL,Yes,NULL,NULL,Yes
142,74442,51628,NULL,Yes,Yes,NULL,NULL,Yes,No,NULL,No,NULL,NULL
143,52799,65543,Yes,Yes,No,No,Yes,Yes,NULL,Yes,No,Yes,No
144,81041,32410,No,NULL,NULL,No,NULL,Yes,No,NULL,No,No,Yes
145,8153,89986,No,Yes,No,Yes,No,No,Yes,Yes,Yes,Yes,Yes
146,89966,52632,Yes,NULL,No,Yes,No,NULL,Yes,No,No,No,Yes
147,99795,65817,NULL,NULL,Yes,NULL,Yes,Yes,NULL,No,NULL,NULL,NULL
148,44837,97956,No,Yes,NULL,No,Yes,No,Yes,Yes,Yes,No,NULL
149,88647,56500,Yes,No,Yes,No,NULL,No,NULL,No,No,NULL,No
150,24000,36345,Yes,NULL,Yes,NULL,Yes,NULL,NULL,NULL,Yes,No,No
151,2553,1082,NULL,Yes,NULL,No,Yes,Yes,Yes,NULL,No,No,Yes
152,39645,22094,Yes,Yes,No,Yes,NULL,No,Yes,NULL,Yes,NULL,No
153,63006,70651,NULL,Yes,NULL,No,NULL,No,Yes,No,No,NULL,No
154,11657,43109,NULL,Yes,NULL,No,Yes,No,Yes,NULL,NULL,NULL,No
155,48377,90081,NULL,No,NULL,No,No,Yes,No,No,No,NULL,Yes
156,25906,68446,NULL,NULL,Yes,No,Yes,Yes,No,NULL,NULL,Yes,No
157,87254,1818,NULL,NULL,Yes,No,NULL,Yes,No,No,No,No,No
158,82284,73363,NULL,Yes,Yes,No,NULL,NULL,NULL,No,Yes,No,Yes
159,59559,63677,NULL,Yes,NULL,Yes,Yes,No,No,Yes,Yes,No,Yes
160,67851,81428,NULL,NULL,Yes,No,Yes,Yes,NULL,Yes,NULL,NULL,NULL
161,62457,17274,NULL,Yes,No,No,NULL,Yes,Yes,Yes,Yes,Yes,No
162,22815,53815,No,No,Yes,NULL,NULL,No,Yes,No,No,Yes,Yes
163,2166,31388,Yes,NULL,No,No,Yes,NULL,No,No,Yes,NULL,NULL
164,70936,17828,No,No,NULL,NULL,No,Yes,No,NULL,Yes,NULL,No
165,40066,89734,Yes,No,No,Yes,Yes,NULL,Yes,Yes,No,No,NULL
166,31643,39592,Yes,NULL,Yes,No,Yes,Yes,No,Yes,No,Yes,NULL
167,1035,968,NULL,No,Yes,No,No,No,Yes,NULL,NULL,Yes,Yes
168,4324,24350,Yes,No,No,No,NULL,NULL,NULL,No,NULL,Yes,No
169,74550,10557,Yes,Yes,NULL,Yes,No,No,Yes,NULL,Yes,Yes,Yes
170,86397,1173,No,Yes,NULL,NULL,Yes,NULL,NULL,NULL,NULL,NULL,NULL
171,14137,14305,NULL,NULL,No,NULL,Yes,NULL,NULL,NULL,NULL,Yes,Yes
172,58043,65404,No,NULL,No,No,NULL,Yes,Yes,Yes,Yes,NULL,NULL
173,40791,27454,Yes,NULL,Yes,No,NULL,Yes,NULL,Yes,Yes,Yes,NULL
174,29291,46532,No,Yes,No,Yes,NULL,Yes,Yes,Yes,NULL,NULL,Yes
175,9642,35780,Yes,Yes,No,No,NULL,No,Yes,NULL,NULL,NULL,No
176,21234,37191,No,NULL,Yes,Yes,Yes,Yes,Yes,No,NULL,NULL,No
177,18933,49435,No,No,NULL,Yes,Yes,NULL,No,Yes,NULL,NULL,Yes
178,45448,90903,No,Yes,NULL,Yes,No,Yes,Yes,NULL,Yes,NULL,No
179,44581,84494,No,NULL,Yes,Yes,NULL,No,Yes,NULL,No,Yes,NULL
180,66656,10628,Yes,Yes,No,NULL,NULL,Yes,No,Yes,No,Yes,Yes
181,82399,14866,NULL,Yes,NULL,Yes,No,NULL,Yes,No,Yes,No,Yes
182,21460,23816,Yes,Yes,NULL,NULL,NULL,No,NULL,No,NULL,No,Yes
183,66799,42690,No,No,NULL,Yes,Yes,No,Yes,No,No,No,No
184,7676,72747,No,No,NULL,NULL,No,NULL,Yes,Yes,No,Yes,No
185,2022,15622,NULL,Yes,NULL,Yes,Yes,NULL,No,No,Yes,NULL,Yes
186,66423,56774,No,NULL,No,No,Yes,NULL,NULL,NULL,Yes,Yes,Yes
187,99707,99727,Yes,No,NULL,NULL,NULL,NULL,Yes,NULL,No,NULL,No
188,13880,83900,No,Yes,NULL,Yes,NULL,Yes,No,Yes,Yes,No,NULL
189,45704,72286,NULL,Yes,No,NULL,Yes,Yes,Yes,Yes,NULL,No,No
190,9787,96899,NULL,No,Yes,NULL,No,Yes,NULL,No,NULL,NULL,Yes
191,78272,31357,No,Yes,NULL,Yes,Yes,No,NULL,NULL,No,No,Yes
192,64919,25347,No,Yes,NULL,Yes,No,No,NULL,No,No,Yes,NULL
193,4544,76457,Yes,Yes,Yes,No,No,Yes,NULL,NULL,No,NULL,Yes
194,39798,47661,Yes,Yes,No,No,Yes,No,No,NULL,NULL,Yes,No
195,95342,45493,No,No,NULL,NULL,Yes,NULL,Yes,No,NULL,NULL,NULL
196,26412,62750,Yes,No,No,No,NULL,No,Yes,NULL,NULL,NULL,No
197,75693,48599,Yes,Yes,No,NULL,Yes,NULL,NULL,Yes,NULL,NULL,No
198,39696,5128,NULL,No,NULL,NULL,NULL,NULL,Yes,NULL,No,Yes,Yes
199,48137,53826,Yes,No,Yes,Yes,NULL,Yes,No,Yes,Yes,NULL,Yes
200,20701,51808,No,Yes,NULL,NULL,NULL,No,No,Yes,NULL,Yes,Yes
201,62705,42979,NULL,No,NULL,Yes,Yes,Yes,No,NULL,NULL,Yes,NULL
202,98800,22205,NULL,No,No,NULL,Yes,NULL,No,No,No,Yes,Yes
203,62702,45883,Yes,Yes,No,NULL,NULL,NULL,NULL,Yes,No,No,No
204,29036,68935,Yes,Yes,No,Yes,NULL,Yes,NULL,No,No,No,No
205,74732,75832,No,No,NULL,NULL,No,Yes,NULL,Yes,No,NULL,Yes
206,67354,66118,No,No,No,NULL,NULL,NULL,Yes,NULL,Yes,No,No
207,81672,54945,No,NULL,No,No,No,NULL,NULL,No,No,Yes,Yes
208,83189,3398,NULL,NULL,NULL,No,No,NULL,NULL,No,No,No,No
209,8191,30837,Yes,NULL,NULL,NULL,Yes,NULL,No,No,NULL,No,No
210,48595,21773,No,Yes,No,No,NULL,No,No,Yes,NULL,NULL,Yes
211,57401,31976,Yes,No,No,NULL,No,No,NULL,No,NULL,Yes,No
212,16747,55233,No,No,No,Yes,Yes,No,No,Yes,No,No,NULL
213,39469,50363,No,Yes,Yes,Yes,No,Yes,Yes,No,Yes,No,Yes
214,72860,89216,NULL,No,No,No,No,Yes,Yes,Yes,NULL,No,Yes
215,25959,41946,Yes,Yes,NULL,No,No,NULL,No,Yes,NULL,NULL,No
216,27127,35345,No,Yes,Yes,No,Yes,Yes,Yes,Yes,NULL,No,No
217,79357,77296,NULL,NULL,No,No,No,Yes,NULL,NULL,No,No,No
218,52386,19920,NULL,NULL,Yes,NULL,Yes,Yes,NULL,NULL,NULL,Yes,Yes
219,29626,40317,No,No,Yes,No,NULL,No,NULL,No,NULL,NULL,Yes
220,77010,43110,No,No,NULL,NULL,No,NULL,Yes,Yes,NULL,No,No
221,64464,99731,NULL,NULL,No,No,NULL,NULL,NULL,NULL,NULL,Yes,No
222,30119,71288,No,NULL,No,Yes,No,Yes,No,NULL,Yes,No,Yes
223,46844,38554,NULL,No,Yes,No,Yes,NULL,NULL,NULL,No,Yes,NULL
224,15238,19312,Yes,NULL,NULL,No,No,No,NULL,NULL,No,Yes,Yes
225,93333,82586,No,Yes,NULL,No,No,Yes,No,Yes,Yes,Yes,NULL
226,93130,91541,Yes,No,No,No,NULL,No,Yes,NULL,Yes,NULL,Yes
227,73455,7191,Yes,NULL,Yes,Yes,No,Yes,Yes,NULL,Yes,Yes,Yes
228,52110,88159,NULL,No,Yes,No,No,No,Yes,No,No,Yes,Yes
229,94156,44428,NULL,Yes,Yes,No,No,NULL,No,No,NULL,Yes,No
230,73783,35329,Yes,No,NULL,No,NULL,No,NULL,No,NULL,NULL,Yes
231,92581,77684,Yes,Yes,No,Yes,NULL,NULL,Yes,NULL,Yes,Yes,No
232,48295,40611,No,Yes,NULL,No,No,NULL,Yes,NULL,Yes,NULL,Yes
233,84621,57779,Yes,NULL,NULL,NULL,Yes,No,Yes,Yes,Yes,Yes,No
234,81442,20864,Yes,NULL,NULL,No,Yes,No,NULL,No,Yes,No,No
235,23939,23373,Yes,Yes,Yes,Yes,Yes,No,No,No,No,No,NULL
236,76288,30292,NULL,Yes,Yes,NULL,NULL,NULL,NULL,NULL,No,NULL,No
237,21978,84932,NULL,No,No,NULL,Yes,Yes,No,NULL,No,Yes,No
238,51562,25346,Yes,Yes,Yes,No,NULL,No,No,No,Yes,No,NULL
239,99849,6385,Yes,No,Yes,No,Yes,No,No,Yes,Yes,NULL,Yes
240,57775,78699,Yes,Yes,No,NULL,No,No,No,NULL,Yes,No,NULL
241,72804,7528,NULL,No,No,Yes,NULL,Yes,Yes,NULL,Yes,NULL,Yes
242,89785,81198,No,Yes,No,NULL,NULL,Yes,No,NULL,NULL,Yes,No
243,30319,95238,Yes,NULL,No,Yes,NULL,Yes,No,Yes,No,NULL,No
244,63389,28531,Yes,Yes,No,Yes,No,No,Yes,Yes,Yes,No,Yes
245,24095,55344,No,Yes,Yes,Yes,NULL,NULL,No,Yes,NULL,Yes,NULL
246,65300,64756,Yes,NULL,NULL,NULL,NULL,Yes,Yes,Yes,No,NULL,NULL
247,41966,32277,Yes,No,No,Yes,Yes,NULL,No,NULL,NULL,Yes,Yes
248,84178,81158,No,NULL,Yes,Yes,Yes,No,Yes,No,NULL,No,Yes
249,33844,68469,Yes,NULL,No,No,Yes,NULL,NULL,No,No,Yes,No
250,55972,46797,No,Yes,Yes,No,NULL,No,No,Yes,No,NULL,No
251,61714,75530,NULL,No,No,NULL,Yes,NULL,No,Yes,Yes,Yes,No
252,85903,88041,NULL,NULL,NULL,NULL,No,No,No,No,NULL,Yes,NULL
253,58983,33469,No,NULL,NULL,No,NULL,No,No,NULL,Yes,Yes,NULL
254,51702,45061,No,NULL,NULL,No,Yes,Yes,No,NULL,No,Yes,NULL
255,14906,58919,NULL,Yes,No,No,No,Yes,NULL,NULL,Yes,Yes,No
256,46037,49502,NULL,No,Yes,NULL,No,NULL,Yes,NULL,Yes,Yes,Yes
257,61018,24571,No,NULL,No,NULL,No,Yes,NULL,No,NULL,Yes,No
258,55646,98536,NULL,Yes,NULL,No,NULL,No,No,No,Yes,Yes,No
259,78095,21707,Yes,NULL,Yes,No,NULL,No,Yes,Yes,No,No,No
260,66352,88803,NULL,No,Yes,Yes,No,Yes,Yes,Yes,Yes,Yes,Yes
261,98549,66272,NULL,NULL,No,Yes,Yes,NULL,No,Yes,No,Yes,No
262,54753,5201,No,Yes,NULL,NULL,Yes,Yes,No,NULL,No,No,No
263,63184,36979,No,Yes,No,Yes,Yes,NULL,NULL,NULL,NULL,No,NULL
264,31596,31924,Yes,No,Yes,No,Yes,NULL,NULL,Yes,No,Yes,No
265,83001,91904,Yes,Yes,Yes,NULL,NULL,NULL,NULL,No,No,No,No
266,54423,51968,No,No,Yes,NULL,Yes,No,Yes,No,NULL,No,No
267,90083,49749,No,Yes,NULL,Yes,NULL,Yes,NULL,No,NULL,Yes,No
268,50102,24323,NULL,NULL,NULL,Yes,No,No,NULL,Yes,NULL,NULL,NULL
269,40499,30957,No,No,Yes,Yes,NULL,Yes,NULL,No,No,No,Yes
270,58580,68603,Yes,No,NULL,Yes,No,Yes,NULL,Yes,NULL,Yes,NULL
271,52817,3912,Yes,NULL,Yes,Yes,No,NULL,No,Yes,Yes,No,No
272,2134,25779,NULL,NULL,No,NULL,No,Yes,NULL,NULL,Yes,Yes,No
273,74268,62056,NULL,No,No,No,No,Yes,Yes,NULL,Yes,No,Yes
274,25572,73295,Yes,No,Yes,NULL,Yes,Yes,NULL,NULL,NULL,NULL,NULL
275,28603,74815,NULL,NULL,No,NULL,No,Yes,No,Yes,Yes,NULL,No
276,16644,60947,NULL,NULL,No,NULL,NULL,Yes,Yes,NULL,Yes,NULL,No
277,71311,57745,NULL,No,No,NULL,NULL,Yes,NULL,Yes,NULL,No,NULL
278,34096,29087,No,No,NULL,No,NULL,NULL,Yes,NULL,No,NULL,No
279,25201,8958,NULL,No,NULL,NULL,No,NULL,No,Yes,Yes,NULL,Yes
280,7115,16711,No,Yes,NULL,NULL,NULL,Yes,NULL,No,Yes,No,Yes
281,87347,80050,Yes,Yes,NULL,Yes,Yes,NULL,No,Yes,NULL,Yes,No
282,20487,73501,NULL,No,NULL,No,NULL,NULL,No,Yes,Yes,Yes,NULL
283,97704,81775,Yes,NULL,NULL,Yes,Yes,NULL,NULL,NULL,NULL,NULL,No
284,93820,82516,NULL,Yes,No,No,No,No,NULL,No,NULL,Yes,NULL
285,54370,1278,No,NULL,NULL,Yes,NULL,Yes,No,Yes,NULL,Yes,NULL
286,12241,22821,NULL,NULL,NULL,No,Yes,No,NULL,Yes,Yes,No,NULL
287,50204,90060,NULL,NULL,Yes,No,No,NULL,Yes,No,No,No,No
288,12515,21327,Yes,No,NULL,NULL,Yes,NULL,No,NULL,No,No,No
289,44051,14409,No,Yes,Yes,NULL,NULL,NULL,No,NULL,NULL,Yes,No
290,99456,91576,No,NULL,Yes,Yes,Yes,Yes,No,NULL,NULL,Yes,NULL
291,95760,66355,Yes,Yes,NULL,NULL,NULL,No,No,No,No,Yes,NULL
292,10444,41648,NULL,No,Yes,Yes,NULL,No,No,No,NULL,NULL,No
293,84981,84057,Yes,No,No,NULL,No,NULL,No,Yes,No,Yes,No
294,40076,7353,NULL,NULL,Yes,No,NULL,No,Yes,No,Yes,Yes,NULL
295,76752,84379,Yes,No,NULL,Yes,No,Yes,No,Yes,Yes,NULL,Yes
296,90756,92162,No,NULL,NULL,Yes,Yes,Yes,No,NULL,No,NULL,NULL
297,42467,75831,No,NULL,No,NULL,NULL,NULL,Yes,Yes,NULL,No,No
298,42512,58828,No,Yes,No,NULL,Yes,NULL,NULL,Yes,Yes,NULL,No
299,89883,84996,No,Yes,NULL,No,Yes,Yes,NULL,No,No,No,No
300,48825,84883,Yes,NULL,NULL,No,No,NULL,Yes,No,No,No,Yes
301,17748,8463,NULL,No,NULL,No,Yes,NULL,NULL,Yes,No,No,Yes
302,86152,23666,Yes,NULL,Yes,No,No,NULL,No,Yes,No,No,No
303,39524,81996,NULL,Yes,No,NULL,No,NULL,NULL,NULL,No,NULL,NULL
304,22524,15676,Yes,Yes,NULL,Yes,No,No,Yes,NULL,Yes,NULL,No
305,17365,23325,Yes,No,No,NULL,No,NULL,NULL,No,Yes,No,No
306,78715,13065,Yes,NULL,Yes,Yes,Yes,No,NULL,NULL,Yes,NULL,Yes
307,7976,35521,Yes,NULL,Yes,NULL,Yes,NULL,No,No,NULL,No,No
308,48380,48296,No,Yes,NULL,NULL,Yes,Yes,NULL,NULL,Yes,NULL,Yes
309,72313,91918,NULL,NULL,No,No,Yes,No,NULL,No,Yes,No,Yes
310,23052,11150,NULL,No,NULL,Yes,No,Yes,Yes,Yes,NULL,Yes,Yes
311,23301,95346,NULL,Yes,No,No,NULL,Yes,Yes,NULL,NULL,No,No
312,23850,12570,Yes,Yes,No,NULL,NULL,No,No,NULL,Yes,Yes,Yes
313,6991,77377,NULL,Yes,Yes,No,NULL,Yes,No,NULL,No,Yes,No
314,56412,79690,NULL,NULL,NULL,No,No,NULL,No,No,Yes,NULL,NULL
315,26424,72149,Yes,Yes,No,NULL,No,NULL,Yes,NULL,No,Yes,NULL
316,37469,60383,NULL,No,No,No,NULL,No,NULL,Yes,No,No,No
317,57072,5216,NULL,Yes,Yes,No,Yes,Yes,NULL,Yes,Yes,No,No
318,69621,53349,Yes,No,Yes,NULL,No,Yes,NULL,NULL,No,Yes,NULL
319,44272,10729,NULL,No,Yes,NULL,Yes,No,NULL,No,No,No,Yes
320,23947,53598,Yes,No,NULL,NULL,NULL,Yes,No,Yes,No,Yes,No
321,39502,24785,No,NULL,Yes,NULL,NULL,No,No,Yes,NULL,NULL,Yes
322,30534,75654,No,No,Yes,No,No,Yes,No,Yes,Yes,Yes,Yes
323,5545,18745,Yes,Yes,Yes,Yes,Yes,Yes,Yes,Yes,NULL,Yes,NULL
324,49288,60002,No,No,NULL,No,NULL,NULL,NULL,No,NULL,Yes,Yes
325,36832,72524,NULL,NULL,NULL,No,No,No,Yes,No,Yes,Yes,NULL
326,73577,90675,Yes,NULL,Yes,NULL,No,Yes,No,NULL,No,No,Yes
327,26180,54587,NULL,NULL,No,NULL,NULL,NULL,No,No,Yes,No,Yes
328,31687,46097,NULL,Yes,No,Yes,NULL,No,NULL,Yes,No,No,No
329,99385,63572,Yes,No,Yes,NULL,No,NULL,No,NULL,No,NULL,Yes
330,72525,3479,NULL,Yes,NULL,NULL,Yes,NULL,Yes,NULL,NULL,No,NULL
331,98650,61904,NULL,NULL,Yes,No,Yes,No,NULL,NULL,Yes,Yes,No
332,2092,43710,No,Yes,Yes,Yes,No,Yes,NULL,Yes,No,NULL,Yes
333,72351,89096,Yes,No,No,No,No,NULL,No,No,No,No,NULL
334,50214,34158,NULL,No,NULL,NULL,No,NULL,Yes,No,Yes,No,Yes
335,22612,51941,No,No,No,No,NULL,No,No,No,No,No,No
336,44399,33442,No,No,No,Yes,NULL,No,No,No,Yes,No,Yes
337,31194,42914,No,NULL,Yes,Yes,No,No,No,NULL,No,No,No
338,42637,65400,No,No,No,NULL,Yes,No,No,NULL,Yes,NULL,Yes
339,38703,52558,No,No,NULL,NULL,Yes,NULL,Yes,Yes,Yes,Yes,No
340,84531,39058,Yes,NULL,Yes,Yes,Yes,Yes,No,NULL,Yes,NULL,No
341,76267,17136,NULL,No,NULL,Yes,Yes,NULL,No,No,Yes,NULL,NULL
342,72640,27225,NULL,Yes,No,NULL,NULL,No,Yes,No,NULL,No,No
343,45370,16928,Yes,Yes,Yes,NULL,No,NULL,NULL,Yes,Yes,NULL,Yes
344,41958,99775,Yes,No,NULL,Yes,No,NULL,NULL,No,Yes,NULL,No
345,42768,87789,NULL,NULL,No,NULL,Yes,Yes,Yes,No,NULL,No,Yes
346,12572,20269,Yes,Yes,Yes,NULL,NULL,Yes,Yes,Yes,No,No,NULL
347,17049,53483,NULL,No,No,No,No,No,No,No,NULL,NULL,Yes
348,47976,16078,No,No,NULL,No,Yes,No,NULL,No,NULL,NULL,NULL
349,15250,68801,Yes,NULL,NULL,Yes,NULL,No,No,Yes,NULL,Yes,Yes
350,95808,38072,No,NULL,NULL,Yes,Yes,NULL,NULL,NULL,No,Yes,NULL
351,90495,26910,Yes,NULL,NULL,No,NULL,NULL,No,No,Yes,NULL,Yes
352,45718,83994,No,NULL,Yes,NULL,Yes,NULL,NULL,NULL,Yes,Yes,Yes
353,99718,20455,Yes,NULL,No,NULL,Yes,Yes,No,NULL,Yes,NULL,NULL
354,26708,47517,Yes,No,No,No,NULL,No,Yes,No,No,No,NULL
355,27106,70623,No,No,NULL,Yes,Yes,NULL,Yes,No,Yes,Yes,NULL
356,70929,25612,Yes,Yes,Yes,No,NULL,No,Yes,NULL,No,No,NULL
357,73842,51859,NULL,Yes,Yes,No,NULL,No,NULL,Yes,Yes,NULL,NULL
358,90871,3102,No,NULL,No,NULL,Yes,NULL,No,NULL,No,Yes,No
359,11070,77988,No,Yes,No,No,No,Yes,NULL,NULL,No,No,NULL
360,13746,62918,NULL,No,No,No,NULL,Yes,NULL,No,No,Yes,No
361,24758,87232,NULL,Yes,Yes,Yes,Yes,Yes,No,NULL,Yes,NULL,Yes
362,821,89994,No,No,NULL,Yes,NULL,Yes,NULL,Yes,Yes,Yes,NULL
363,63021,59649,NULL,No,No,NULL,Yes,Yes,No,NULL,No,No,No
364,82619,92754,No,No,No,NULL,Yes,No,NULL,NULL,Yes,Yes,Yes
365,81435,55676,No,No,No,NULL,No,No,Yes,Yes,NULL,NULL,Yes
366,28088,92515,NULL,NULL,No,No,Yes,Yes,No,No,NULL,Yes,NULL
367,27632,12851,No,Yes,No,No,Yes,No,Yes,No,NULL,Yes,Yes
368,35047,11825,No,No,Yes,NULL,No,Yes,Yes,No,No,No,No
369,64736,20753,Yes,No,NULL,No,NULL,NULL,No,Yes,No,NULL,No
370,18248,65368,Yes,No,NULL,No,Yes,NULL,No,Yes,Yes,No,Yes
371,25860,35420,No,NULL,Yes,NULL,No,Yes,No,Yes,Yes,Yes,No
372,62211,42105,No,NULL,Yes,No,NULL,Yes,No,Yes,No,NULL,NULL
373,5910,80424,NULL,No,NULL,NULL,NULL,No,No,No,Yes,NULL,No
374,79657,62669,No,NULL,No,No,NULL,Yes,NULL,Yes,Yes,Yes,Yes
375,87577,75182,NULL,Yes,Yes,NULL,Yes,No,No,No,NULL,NULL,Yes
376,51851,84520,Yes,No,NULL,NULL,Yes,Yes,Yes,Yes,Yes,No,NULL
377,50851,12606,NULL,NULL,Yes,No,No,No,Yes,Yes,No,NULL,No
378,8455,11738,No,Yes,Yes,Yes,No,Yes,No,Yes,NULL,NULL,NULL
379,42177,96946,Yes,Yes,NULL,NULL,NULL,No,Yes,No,Yes,No,Yes
380,85924,44406,NULL,Yes,Yes,No,No,Yes,No,NULL,No,NULL,Yes
381,90812,31780,No,NULL,Yes,Yes,NULL,NULL,NULL,Yes,NULL,Yes,NULL
382,90490,39146,No,NULL,NULL,Yes,NULL,NULL,Yes,No,No,No,No
383,65178,71300,NULL,NULL,No,Yes,NULL,No,Yes,No,NULL,NULL,NULL
384,47453,97933,NULL,No,NULL,NULL,No,NULL,No,NULL,No,NULL,NULL
385,40197,64217,NULL,No,NULL,NULL,Yes,No,NULL,No,Yes,Yes,Yes
386,24198,32360,No,No,NULL,NULL,Yes,Yes,No,Yes,No,NULL,Yes
387,4474,65465,No,Yes,Yes,Yes,No,NULL,NULL,Yes,Yes,Yes,No
388,3631,23049,No,No,No,No,No,Yes,Yes,NULL,Yes,Yes,No
389,62129,18689,Yes,No,NULL,No,Yes,No,No,Yes,NULL,No,No
390,22614,61764,NULL,No,NULL,Yes,NULL,Yes,Yes,Yes,Yes,No,NULL
391,27345,67871,Yes,NULL,No,NULL,Yes,NULL,NULL,NULL,Yes,NULL,NULL
392,16628,27153,NULL,NULL,No,NULL,No,NULL,Yes,Yes,Yes,No,Yes
393,50455,94854,Yes,No,No,NULL,NULL,NULL,No,No,Yes,No,Yes
394,44452,12922,Yes,No,NULL,No,Yes,No,No,Yes,NULL,No,NULL
395,54840,24369,Yes,Yes,NULL,Yes,NULL,Yes,No,NULL,Yes,No,No
396,13643,41659,No,No,Yes,NULL,NULL,Yes,No,No,Yes,Yes,No
397,85617,99105,No,Yes,NULL,NULL,No,Yes,No,Yes,Yes,No,No
398,27879,78231,Yes,No,Yes,No,Yes,Yes,NULL,Yes,No,NULL,NULL
399,52244,1513,No,No,NULL,NULL,Yes,No,NULL,Yes,No,Yes,Yes
400,70830,57953,NULL,Yes,No,NULL,Yes,NULL,No,No,No,Yes,NULL
401,45855,12167,No,Yes,No,No,No,No,No,No,No,NULL,NULL
402,95954,70508,NULL,NULL,Yes,Yes,No,No,No,NULL,No,Yes,No
403,40372,21908,NULL,No,No,Yes,Yes,No,NULL,No,Yes,NULL,NULL
404,55310,11336,NULL,No,Yes,Yes,No,No,NULL,NULL,No,NULL,NULL
405,10105,84444,Yes,NULL,NULL,No,No,No,NULL,NULL,Yes,No,No
406,31592,45976,NULL,NULL,Yes,No,NULL,Yes,Yes,Yes,Yes,No,No
407,42611,90071,No,Yes,Yes,NULL,No,NULL,No,Yes,No,Yes,NULL
408,4645,81420,No,No,No,NULL,No,NULL,Yes,NULL,Yes,Yes,NULL
409,69304,76392,Yes,No,Yes,NULL,No,No,NULL,No,Yes,No,No
410,74407,59158,Yes,NULL,NULL,Yes,Yes,Yes,Yes,No,Yes,NULL,Yes
411,9391,72927,Yes,NULL,No,Yes,No,No,Yes,No,Yes,Yes,Yes
412,80088,43690,Yes,Yes,Yes,NULL,Yes,Yes,NULL,No,Yes,Yes,NULL
413,27398,40819,Yes,Yes,No,NULL,Yes,Yes,No,No,NULL,No,Yes
414,26260,87092,No,NULL,NULL,No,Yes,NULL,Yes,No,Yes,No,NULL
415,5250,99256,Yes,NULL,Yes,Yes,Yes,NULL,NULL,NULL,No,Yes,Yes
416,27725,61932,Yes,NULL,Yes,NULL,NULL,Yes,NULL,No,No,Yes,Yes
417,67361,97974,NULL,Yes,No,Yes,No,No,NULL,No,No,No,No
418,76344,82689,NULL,Yes,NULL,NULL,Yes,No,NULL,No,No,NULL,No
419,97250,42838,NULL,NULL,Yes,Yes,NULL,NULL,No,Yes,NULL,NULL,No
420,94095,78101,Yes,Yes,No,Yes,NULL,Yes,NULL,NULL,NULL,No,No
421,4995,5468,Yes,No,Yes,No,Yes,Yes,Yes,Yes,NULL,No,NULL
422,2787,80346,No,Yes,NULL,Yes,NULL,No,No,NULL,No,NULL,No
423,98450,46184,No,No,NULL,Yes,No,Yes,NULL,NULL,NULL,NULL,No
424,70684,71762,No,No,No,Yes,No,NULL,NULL,Yes,Yes,No,No
425,37431,62998,Yes,Yes,NULL,Yes,NULL,Yes,No,NULL,Yes,No,No
426,14020,60437,No,No,Yes,NULL,NULL,NULL,Yes,No,Yes,No,No
427,94850,76338,NULL,NULL,Yes,NULL,No,NULL,No,No,Yes,Yes,No
428,76976,59788,Yes,No,NULL,No,NULL,NULL,NULL,NULL,Yes,NULL,Yes
429,61061,6158,Yes,No,Yes,NULL,No,No,No,Yes,Yes,No,Yes
430,72407,49518,Yes,No,NULL,NULL,NULL,Yes,No,No,Yes,NULL,No
431,88419,9843,Yes,Yes,No,Yes,No,Yes,Yes,Yes,Yes,Yes,Yes
432,17377,40989,NULL,No,Yes,No,Yes,No,No,No,Yes,No,Yes
433,96424,23103,NULL,Yes,No,Yes,NULL,NULL,NULL,Yes,NULL,Yes,NULL
434,25722,67853,Yes,NULL,Yes,No,Yes,Yes,Yes,NULL,NULL,Yes,NULL
435,29832,58979,No,NULL,NULL,Yes,No,No,No,Yes,NULL,NULL,Yes
436,37684,59364,NULL,Yes,No,Yes,Yes,NULL,Yes,NULL,Yes,NULL,NULL
437,5989,74011,NULL,NULL,Yes,No,Yes,Yes,Yes,No,Yes,No,No
438,86475,82731,NULL,NULL,No,Yes,NULL,No,No,NULL,NULL,NULL,NULL
439,1028,98569,Yes,No,Yes,NULL,Yes,No,No,Yes,Yes,No,No
440,96901,11631,Yes,NULL,Yes,Yes,NULL,Yes,NULL,No,Yes,No,No
441,98069,56061,NULL,No,Yes,Yes,NULL,Yes,No,No,Yes,NULL,No
442,71811,1484,No,Yes,Yes,Yes,No,Yes,NULL,Yes,No,NULL,Yes
443,89834,37974,NULL,Yes,NULL,Yes,Yes,No,No,NULL,NULL,No,NULL
444,1027,13840,Yes,Yes,NULL,No,Yes,Yes,NULL,No,NULL,NULL,NULL
445,18545,56303,Yes,No,NULL,NULL,Yes,Yes,NULL,NULL,No,Yes,No
446,83318,69299,Yes,No,NULL,No,No,Yes,No,NULL,Yes,No,NULL
447,29577,3942,Yes,Yes,Yes,Yes,NULL,No,No,No,No,Yes,Yes
448,15756,76698,NULL,No,NULL,Yes,No,No,No,NULL,No,NULL,No
449,6608,67233,Yes,Yes,NULL,Yes,Yes,NULL,Yes,No,NULL,No,NULL
450,97335,59851,NULL,NULL,NULL,Yes,NULL,Yes,Yes,No,No,Yes,No
451,4898,10958,No,Yes,NULL,NULL,NULL,Yes,NULL,NULL,Yes,NULL,Yes
452,73336,61499,NULL,No,No,NULL,Yes,No,No,Yes,Yes,No,NULL
453,15426,40606,Yes,No,No,No,NULL,NULL,NULL,No,NULL,No,No
454,19619,76992,Yes,No,Yes,Yes,No,NULL,Yes,No,NULL,Yes,Yes
455,72408,49697,NULL,Yes,Yes,No,No,NULL,NULL,NULL,NULL,No,No
456,6993,5755,Yes,NULL,NULL,Yes,Yes,NULL,NULL,Yes,No,NULL,No
457,17938,89327,No,No,NULL,Yes,Yes,NULL,NULL,NULL,No,No,Yes
458,83905,35180,Yes,No,No,NULL,NULL,NULL,Yes,No,Yes,NULL,NULL
459,96253,3937,NULL,Yes,No,Yes,Yes,Yes,Yes,Yes,No,NULL,No
460,11620,66991,NULL,Yes,Yes,No,No,NULL,Yes,Yes,NULL,NULL,Yes
461,49184,74289,No,Yes,NULL,Yes,NULL,Yes,Yes,No,No,No,Yes
462,88932,31609,Yes,No,NULL,No,No,No,NULL,Yes,No,Yes,No
463,80157,54760,No,NULL,No,NULL,Yes,Yes,NULL,NULL,Yes,NULL,No
464,84721,33110,Yes,NULL,NULL,Yes,Yes,Yes,Yes,NULL,NULL,No,Yes
465,78652,27410,NULL,NULL,No,No,Yes,No,Yes,No,NULL,Yes,NULL
466,60159,20730,No,No,Yes,Yes,No,Yes,Yes,NULL,Yes,NULL,NULL
467,81737,24476,NULL,No,Yes,No,NULL,No,Yes,No,NULL,No,Yes
468,96123,96396,No,NULL,No,No,Yes,Yes,NULL,Yes,NULL,Yes,NULL
469,83721,73495,No,No,No,Yes,NULL,No,NULL,NULL,NULL,NULL,NULL
470,96479,90222,No,No,No,Yes,NULL,NULL,NULL,No,NULL,NULL,NULL
471,33383,44013,NULL,No,NULL,Yes,NULL,NULL,No,Yes,Yes,NULL,No
472,2499,90585,Yes,Yes,Yes,NULL,No,Yes,Yes,No,No,Yes,NULL
473,36900,69224,No,Yes,NULL,NULL,Yes,Yes,NULL,Yes,Yes,No,NULL
474,64719,68448,No,NULL,NULL,Yes,Yes,No,No,No,No,Yes,No
475,15690,37132,NULL,NULL,NULL,Yes,Yes,Yes,NULL,No,NULL,No,No
476,67986,24435,NULL,Yes,No,No,Yes,Yes,Yes,No,No,Yes,No
477,67006,46166,Yes,NULL,Yes,Yes,No,Yes,No,No,No,Yes,NULL
478,10849,85673,NULL,No,NULL,Yes,Yes,Yes,Yes,NULL,Yes,No,No
479,32358,23627,No,Yes,No,NULL,Yes,No,Yes,No,NULL,Yes,No
480,63245,70097,NULL,No,Yes,No,Yes,Yes,No,Yes,Yes,Yes,No
481,91561,27494,Yes,No,NULL,No,Yes,NULL,Yes,NULL,No,Yes,No
482,23483,78166,No,NULL,NULL,NULL,Yes,Yes,NULL,No,No,Yes,NULL
483,66729,14430,NULL,No,NULL,Yes,No,Yes,Yes,NULL,Yes,No,Yes
484,73756,86147,No,Yes,NULL,NULL,Yes,Yes,NULL,Yes,No,NULL,No
485,15426,4376,Yes,NULL,No,Yes,No,Yes,No,Yes,No,No,No
486,94008,67288,No,Yes,Yes,No,No,NULL,Yes,Yes,Yes,No,NULL
487,66077,15475,NULL,Yes,No,No,Yes,NULL,Yes,NULL,NULL,NULL,NULL
488,33920,66980,NULL,No,Yes,No,Yes,NULL,No,NULL,NULL,NULL,Yes
489,38727,96295,Yes,NULL,NULL,Yes,No,Yes,NULL,No,NULL,NULL,Yes
490,22195,98769,No,No,No,No,No,No,No,No,NULL,Yes,NULL
491,46875,4643,No,Yes,Yes,NULL,Yes,No,NULL,NULL,No,NULL,Yes
492,15929,23983,No,No,NULL,Yes,NULL,No,NULL,NULL,NULL,NULL,Yes
493,59935,32593,Yes,No,NULL,Yes,NULL,Yes,Yes,Yes,No,NULL,Yes
494,86417,59392,Yes,Yes,NULL,NULL,No,No,No,No,NULL,No,NULL
495,54833,6840,No,Yes,No,Yes,Yes,NULL,No,Yes,NULL,Yes,No
496,98051,45506,NULL,No,No,Yes,NULL,No,No,NULL,No,Yes,Yes
497,26405,65187,No,NULL,Yes,NULL,No,NULL,Yes,Yes,NULL,No,No
498,73920,4233,Yes,No,No,NULL,NULL,Yes,NULL,No,NULL,Yes,NULL
499,43791,45874,No,Yes,Yes,Yes,NULL,No,Yes,NULL,NULL,NULL,No
500,67010,10315,No,Yes,Yes,Yes,No,No,NULL,Yes,NULL,Yes,NULL
501,90996,73919,NULL,No,NULL,Yes,No,Yes,Yes,NULL,NULL,No,No
502,55570,61199,NULL,NULL,NULL,NULL,Yes,Yes,NULL,NULL,NULL,No,NULL
503,97357,69753,No,Yes,Yes,Yes,No,NULL,NULL,NULL,Yes,Yes,No
504,86966,80535,No,NULL,Yes,No,No,No,No,No,No,No,Yes
505,2244,74991,No,No,NULL,Yes,No,NULL,Yes,No,No,No,NULL
506,26905,48831,NULL,Yes,No,NULL,No,NULL,No,Yes,NULL,Yes,NULL
507,94231,97161,Yes,NULL,Yes,NULL,Yes,Yes,No,No,NULL,NULL,Yes
508,50263,76697,No,Yes,Yes,No,No,No,NULL,NULL,Yes,No,No
509,519,1014,NULL,No,Yes,NULL,NULL,Yes,NULL,NULL,Yes,No,NULL
510,22903,25675,NULL,Yes,No,NULL,Yes,Yes,Yes,Yes,No,No,Yes
511,14158,41289,NULL,Yes,No,No,Yes,NULL,NULL,Yes,No,NULL,NULL
512,62376,13293,No,No,NULL,Yes,NULL,Yes,No,No,Yes,No,No
513,20838,26186,Yes,Yes,No,No,Yes,Yes,No,NULL,NULL,No,Yes
514,18940,42838,Yes,Yes,Yes,No,No,NULL,NULL,NULL,No,NULL,No
515,99411,48491,NULL,NULL,Yes,NULL,Yes,No,Yes,No,Yes,NULL,Yes
516,84508,82716,Yes,NULL,Yes,NULL,NULL,Yes,Yes,No,NULL,No,NULL
517,19514,97686,Yes,No,Yes,NULL,NULL,NULL,Yes,Yes,No,Yes,No
518,37891,40303,No,Yes,No,No,No,Yes,Yes,Yes,No,No,NULL
519,29665,41716,No,No,No,Yes,NULL,No,No,No,Yes,Yes,NULL
520,13081,57831,No,NULL,Yes,No,NULL,NULL,No,No,No,No,No
521,28880,36906,Yes,No,NULL,NULL,Yes,No,Yes,NULL,NULL,No,NULL
522,59693,21772,NULL,Yes,NULL,Yes,Yes,NULL,NULL,NULL,No,NULL,Yes
523,48137,61820,NULL,NULL,NULL,Yes,No,No,Yes,Yes,No,NULL,NULL
524,30059,32978,Yes,NULL,NULL,Yes,Yes,Yes,Yes,Yes,No,Yes,No
525,645,89226,Yes,No,Yes,NULL,No,No,No,NULL,No,No,NULL
526,56713,48305,NULL,NULL,No,No,No,NULL,Yes,Yes,NULL,NULL,Yes
527,1174,98563,Yes,Yes,Yes,NULL,No,NULL,Yes,Yes,NULL,NULL,Yes
528,96373,33105,No,Yes,No,No,No,NULL,NULL,No,NULL,Yes,NULL
529,79073,4532,NULL,No,NULL,Yes,Yes,NULL,No,No,No,Yes,Yes
530,78130,27400,No,Yes,No,NULL,NULL,NULL,Yes,Yes,NULL,NULL,No
531,70242,84476,NULL,NULL,NULL,NULL,NULL,NULL,No,Yes,NULL,NULL,Yes
532,32564,44408,No,No,Yes,NULL,No,NULL,Yes,Yes,No,NULL,NULL
533,48685,93134,No,Yes,NULL,No,No,NULL,No,No,NULL,No,No
534,32337,61897,No,NULL,No,NULL,NULL,NULL,Yes,NULL,NULL,No,No
535,68932,81155,Yes,Yes,NULL,No,Yes,Yes,No,No,NULL,No,No
536,10138,93192,NULL,No,NULL,No,No,NULL,NULL,Yes,Yes,NULL,No
537,24027,5223,NULL,NULL,NULL,Yes,No,No,No,No,Yes,NULL,NULL
538,14227,44266,No,Yes,No,Yes,Yes,No,No,NULL,Yes,NULL,No
539,30261,11773,NULL,Yes,NULL,NULL,NULL,Yes,No,Yes,Yes,Yes,NULL
540,16091,37837,NULL,NULL,NULL,No,Yes,NULL,No,NULL,NULL,Yes,NULL
541,59210,63674,NULL,No,NULL,No,No,No,Yes,NULL,No,NULL,No
542,91237,73340,No,Yes,NULL,Yes,NULL,NULL,No,No,Yes,Yes,Yes
543,65780,22780,NULL,No,No,Yes,Yes,No,No,NULL,No,NULL,No
544,40357,26322,NULL,Yes,Yes,NULL,No,NULL,NULL,NULL,NULL,Yes,No
545,65947,44351,No,No,Yes,No,NULL,No,NULL,Yes,Yes,NULL,Yes
546,85469,88367,No,Yes,NULL,NULL,No,NULL,NULL,NULL,Yes,No,No
547,22471,75790,Yes,Yes,No,NULL,NULL,No,No,No,NULL,Yes,Yes
548,69134,83073,No,NULL,No,Yes,No,Yes,NULL,Yes,Yes,Yes,Yes
549,97173,13972,No,No,No,NULL,NULL,Yes,No,Yes,Yes,No,NULL
550,70853,66237,No,Yes,No,No,NULL,Yes,No,Yes,NULL,No,Yes
551,30659,26327,No,NULL,No,No,Yes,Yes,No,NULL,NULL,No,Yes
552,20177,85438,NULL,NULL,NULL,NULL,Yes,Yes,NULL,Yes,NULL,No,Yes
553,35427,76934,NULL,No,NULL,Yes,No,NULL,No,No,No,No,NULL
554,69523,93578,No,No,NULL,No,No,NULL,NULL,Yes,Yes,Yes,No
555,6160,50999,No,Yes,No,NULL,NULL,NULL,No,Yes,Yes,No,Yes
556,24173,64103,No,No,Yes,No,Yes,NULL,Yes,No,NULL,Yes,No
557,79458,62856,NULL,NULL,NULL,NULL,NULL,Yes,Yes,NULL,No,NULL,Yes
558,28984,3039,Yes,NULL,No,No,No,Yes,NULL,NULL,NULL,Yes,Yes
559,5624,99589,No,Yes,NULL,NULL,NULL,No,NULL,Yes,Yes,NULL,NULL
560,11440,95364,NULL,No,NULL,No,NULL,Yes,NULL,No,No,Yes,NULL
561,87102,92912,NULL,Yes,Yes,Yes,No,Yes,No,No,NULL,NULL,NULL
562,54243,59189,No,NULL,NULL,No,Yes,Yes,Yes,NULL,No,No,Yes
563,14219,11958,NULL,NULL,Yes,No,Yes,Yes,No,Yes,No,Yes,Yes
564,63642,98934,No,Yes,Yes,NULL,No,Yes,Yes,No,No,Yes,NULL
565,93703,82686,No,No,No,No,No,No,No,No,No,No,Yes
566,35821,88612,Yes,NULL,Yes,No,NULL,NULL,NULL,Yes,NULL,NULL,No
567,76302,9223,Yes,No,NULL,No,NULL,NULL,NULL,NULL,NULL,Yes,No
568,69147,91138,NULL,Yes,Yes,NULL,Yes,No,NULL,NULL,No,NULL,Yes
569,74752,77542,Yes,No,Yes,No,NULL,Yes,No,Yes,NULL,NULL,NULL
570,47882,75988,No,Yes,No,NULL,Yes,Yes,NULL,Yes,No,NULL,Yes
571,57507,72835,NULL,Yes,No,NULL,No,NULL,Yes,No,Yes,NULL,No
572,28083,5892,Yes,No,Yes,Yes,Yes,No,No,No,Yes,NULL,Yes
573,56893,64351,Yes,No,Yes,Yes,No,Yes,NULL,Yes,No,No,No
574,56039,59392,NULL,No,NULL,Yes,No,No,Yes,No,Yes,No,Yes
575,26322,52373,No,NULL,Yes,Yes,NULL,No,NULL,No,No,No,No
576,17922,75484,NULL,Yes,NULL,Yes,NULL,Yes,No,NULL,Yes,Yes,No
577,49364,28665,No,Yes,Yes,Yes,No,No,NULL,Yes,No,Yes,NULL
578,33197,29142,NULL,NULL,Yes,No,NULL,No,No,Yes,NULL,Yes,Yes
579,56720,91208,NULL,Yes,Yes,NULL,No,NULL,NULL,No,No,NULL,NULL
580,73360,53842,Yes,No,NULL,No,No,NULL,Yes,No,No,No,No
581,87676,19142,Yes,No,NULL,Yes,NULL,NULL,NULL,NULL,No,Yes,No
582,53951,32056,NULL,NULL,Yes,NULL,No,No,Yes,NULL,No,NULL,Yes
583,91639,56725,Yes,No,NULL,NULL,No,No,Yes,NULL,No,NULL,NULL
584,72373,67436,Yes,NULL,No,No,Yes,No,No,NULL,Yes,Yes,NULL
585,64129,71904,Yes,Yes,NULL,NULL,Yes,No,No,No,NULL,No,Yes
586,89929,74642,No,NULL,NULL,Yes,Yes,No,No,No,NULL,Yes,NULL
587,90139,25997,Yes,Yes,Yes,NULL,No,No,No,No,Yes,NULL,NULL
588,1079,34333,NULL,No,No,NULL,NULL,NULL,NULL,Yes,NULL,NULL,Yes
589,30060,24917,No,Yes,NULL,NULL,NULL,Yes,No,No,NULL,No,No
590,65275,62466,Yes,Yes,NULL,Yes,Yes,Yes,Yes,NULL,No,NULL,NULL
591,83407,51585,NULL,No,NULL,Yes,NULL,Yes,NULL,Yes,No,Yes,No
592,46191,33499,NULL,Yes,NULL,NULL,Yes,No,Yes,Yes,Yes,No,No
593,96742,80294,NULL,Yes,No,NULL,NULL,Yes,No,Yes,Yes,No,Yes
594,25484,20480,NULL,No,NULL,NULL,NULL,NULL,Yes,No,NULL,Yes,NULL
595,12475,24695,Yes,NULL,Yes,NULL,Yes,No,Yes,NULL,No,Yes,No
596,57788,11156,Yes,Yes,No,NULL,Yes,No,NULL,Yes,NULL,Yes,NULL
597,8672,40007,NULL,Yes,Yes,Yes,No,NULL,No,NULL,No,No,Yes
598,81572,64747,Yes,NULL,No,No,No,NULL,No,No,Yes,NULL,Yes
599,96923,26783,Yes,Yes,No,Yes,Yes,No,No,No,Yes,Yes,No
600,78934,60738,No,Yes,NULL,NULL,Yes,No,NULL,Yes,NULL,Yes,Yes
601,84796,78178,No,NULL,No,No,NULL,NULL,No,NULL,Yes,NULL,No
602,74889,69918,No,Yes,NULL,Yes,NULL,No,Yes,No,No,No,No
603,36375,68614,Yes,Yes,NULL,NULL,NULL,No,Yes,Yes,Yes,NULL,NULL
604,65464,71341,Yes,Yes,No,NULL,Yes,NULL,Yes,Yes,No,Yes,NULL
605,60668,10682,Yes,No,NULL,NULL,NULL,No,NULL,No,Yes,NULL,No
606,60511,81949,Yes,No,Yes,Yes,No,No,NULL,NULL,No,NULL,Yes
607,81238,81742,No,Yes,No,NULL,Yes,NULL,Yes,Yes,Yes,NULL,NULL
608,68875,34865,NULL,No,NULL,No,NULL,NULL,NULL,Yes,NULL,Yes,No
609,10231,91799,NULL,NULL,No,No,No,No,No,Yes,NULL,NULL,NULL
610,27588,3847,No,Yes,No,NULL,Yes,NULL,NULL,NULL,No,NULL,No
611,37112,55743,NULL,No,Yes,Yes,Yes,No,No,No,Yes,No,Yes
612,68244,73002,Yes,NULL,No,No,No,NULL,No,NULL,NULL,Yes,No
613,58423,36601,Yes,No,NULL,NULL,NULL,Yes,NULL,No,No,NULL,NULL
614,91677,51746,Yes,Yes,NULL,Yes,Yes,Yes,No,NULL,NULL,NULL,NULL
615,82336,69852,No,NULL,Yes,NULL,NULL,No,NULL,NULL,No,No,No
616,65878,72717,NULL,No,NULL,No,No,No,No,No,NULL,No,Yes
617,36176,16023,NULL,NULL,No,No,Yes,NULL,No,NULL,NULL,NULL,Yes
618,49468,84623,NULL,NULL,NULL,Yes,NULL,Yes,No,No,NULL,No,NULL
619,98719,68674,No,No,NULL,Yes,Yes,Yes,No,Yes,Yes,NULL,Yes
620,88190,44348,NULL,Yes,No,No,No,No,Yes,Yes,No,Yes,No
621,69978,54,No,NULL,NULL,NULL,No,NULL,Yes,Yes,NULL,Yes,NULL
622,9426,36208,No,Yes,Yes,NULL,NULL,Yes,NULL,NULL,NULL,Yes,Yes
623,21232,8094,No,Yes,No,NULL,Yes,Yes,NULL,Yes,No,NULL,NULL
624,12917,5564,Yes,NULL,Yes,Yes,Yes,No,Yes,NULL,No,No,NULL
625,16852,54397,Yes,Yes,NULL,Yes,Yes,Yes,No,NULL,No,No,Yes
626,30300,6893,No,NULL,No,NULL,No,NULL,NULL,Yes,No,Yes,No
627,5668,13601,Yes,Yes,No,NULL,No,No,No,No,No,NULL,Yes
628,37354,69320,No,NULL,No,No,NULL,NULL,NULL,No,Yes,No,No
629,31173,83889,NULL,Yes,NULL,Yes,No,No,NULL,NULL,No,No,NULL
630,81347,69458,Yes,No,Yes,NULL,Yes,NULL,No,NULL,NULL,Yes,No
631,36010,87219,No,Yes,No,No,No,NULL,NULL,No,NULL,NULL,Yes
632,99037,10709,No,Yes,No,No,NULL,No,Yes,No,Yes,No,Yes
633,18520,91901,No,NULL,NULL,NULL,NULL,No,Yes,No,No,NULL,No
634,17651,15101,No,No,Yes,NULL,NULL,No,NULL,NULL,Yes,Yes,Yes
635,94319,18374,No,Yes,Yes,Yes,NULL,NULL,Yes,No,NULL,Yes,NULL
636,73642,32605,Yes,No,Yes,NULL,Yes,NULL,No,NULL,NULL,No,NULL
637,81277,64413,NULL,No,Yes,NULL,NULL,No,No,NULL,No,No,No
638,47267,83760,NULL,NULL,Yes,NULL,NULL,Yes,Yes,NULL,No,No,NULL
639,38287,42050,NULL,Yes,Yes,NULL,Yes,Yes,Yes,No,NULL,Yes,NULL
640,97942,63537,Yes,No,NULL,NULL,Yes,Yes,NULL,No,No,NULL,No
641,2747,64330,NULL,Yes,Yes,No,No,No,No,NULL,NULL,NULL,Yes
642,12604,94733,Yes,No,Yes,No,NULL,NULL,NULL,NULL,Yes,Yes,No
643,84135,40686,Yes,No,No,No,NULL,NULL,NULL,Yes,NULL,NULL,Yes
644,4103,64299,No,Yes,No,NULL,NULL,NULL,NULL,Yes,Yes,No,NULL
645,57469,63671,Yes,Yes,No,Yes,NULL,No,No,NULL,Yes,No,Yes
646,77049,39323,NULL,NULL,No,No,No,NULL,Yes,No,NULL,No,NULL
647,8690,65198,NULL,No,NULL,NULL,No,Yes,NULL,Yes,No,NULL,No
648,14218,85068,Yes,NULL,Yes,No,Yes,NULL,No,NULL,NULL,No,Yes
649,65721,71562,Yes,NULL,No,No,NULL,No,Yes,Yes,No,NULL,NULL
650,78075,95519,Yes,NULL,NULL,No,Yes,NULL,NULL,No,NULL,NULL,No
651,28515,61812,NULL,No,No,No,No,No,No,NULL,NULL,No,No
652,93414,84588,No,NULL,Yes,Yes,No,Yes,NULL,No,No,Yes,Yes
653,60015,28382,NULL,NULL,NULL,No,No,NULL,Yes,NULL,No,No,Yes
654,87264,91149,No,Yes,No,NULL,No,Yes,NULL,No,Yes,Yes,Yes
655,43886,17061,No,NULL,Yes,NULL,Yes,No,No,NULL,Yes,Yes,Yes
656,35886,7232,Yes,NULL,No,NULL,No,NULL,No,Yes,Yes,No,Yes
657,54307,66549,Yes,No,Yes,NULL,Yes,NULL,No,No,No,No,NULL
658,17676,39636,No,NULL,No,Yes,Yes,NULL,Yes,NULL,Yes,NULL,No
659,45284,67217,NULL,Yes,No,NULL,NULL,Yes,Yes,NULL,NULL,Yes,No
660,80312,76274,Yes,No,NULL,Yes,Yes,NULL,NULL,No,NULL,Yes,Yes
661,58764,20413,NULL,No,Yes,Yes,No,No,NULL,No,No,No,No
662,74355,7550,NULL,NULL,No,No,No,No,Yes,Yes,NULL,Yes,No
663,61646,17854,Yes,Yes,Yes,NULL,NULL,NULL,NULL,NULL,Yes,Yes,Yes
664,65153,82499,No,Yes,NULL,No,Yes,Yes,Yes,NULL,NULL,NULL,NULL
665,67233,58898,Yes,NULL,No,No,Yes,NULL,NULL,NULL,Yes,NULL,NULL
666,54889,1924,No,NULL,NULL,NULL,No,NULL,No,Yes,Yes,NULL,Yes
667,80103,11689,Yes,NULL,NULL,Yes,NULL,No,No,No,Yes,No,NULL
668,85540,88912,Yes,No,No,No,No,NULL,No,No,Yes,NULL,NULL
669,81964,69766,Yes,NULL,No,No,Yes,Yes,NULL,No,NULL,No,No
670,60865,19548,No,No,NULL,Yes,No,Yes,Yes,No,No,NULL,Yes
671,87651,58686,NULL,NULL,Yes,NULL,Yes,No,No,No,No,Yes,No
672,74298,68877,No,NULL,Yes,Yes,Yes,No,NULL,Yes,NULL,Yes,No
673,96741,60730,Yes,No,No,No,No,Yes,Yes,NULL,NULL,NULL,No
674,9878,64191,No,No,Yes,No,NULL,No,No,Yes,Yes,No,NULL
675,2339,77950,NULL,Yes,Yes,No,No,No,NULL,Yes,No,No,No
676,40505,57707,No,NULL,Yes,No,No,NULL,NULL,NULL,Yes,NULL,NULL
677,8411,60122,No,NULL,Yes,NULL,No,NULL,NULL,Yes,No,No,Yes
678,41692,87450,No,Yes,NULL,Yes,NULL,Yes,No,NULL,Yes,No,Yes
679,22226,11948,Yes,Yes,NULL,Yes,No,Yes,No,Yes,NULL,NULL,No
680,47402,96292,NULL,NULL,NULL,Yes,NULL,NULL,Yes,Yes,NULL,NULL,Yes
681,13701,45555,Yes,No,Yes,No,Yes,No,NULL,NULL,NULL,Yes,No
682,25455,20545,No,NULL,NULL,NULL,Yes,Yes,Yes,Yes,Yes,No,Yes
683,97478,77933,Yes,NULL,No,No,Yes,NULL,No,Yes,NULL,Yes,Yes
684,59562,91736,Yes,No,NULL,Yes,Yes,No,Yes,NULL,No,NULL,No
685,57180,74846,No,No,NULL,NULL,Yes,No,No,Yes,NULL,NULL,NULL
686,44656,71196,No,NULL,No,No,No,No,No,Yes,Yes,NULL,No
687,93692,68953,Yes,Yes,Yes,No,NULL,No,NULL,Yes,Yes,No,Yes
688,13288,59262,NULL,Yes,NULL,No,Yes,Yes,NULL,Yes,Yes,No,NULL
689,7006,1388,No,NULL,NULL,No,Yes,NULL,No,NULL,Yes,Yes,No
690,91822,34308,Yes,Yes,NULL,No,Yes,No,No,NULL,No,NULL,NULL
691,56614,98908,NULL,NULL,Yes,No,No,No,No,NULL,NULL,No,No
692,33814,15247,NULL,No,No,Yes,NULL,No,No,Yes,No,Yes,No
693,99838,62278,Yes,NULL,No,Yes,No,No,NULL,No,Yes,Yes,No
694,50193,63778,No,NULL,No,No,NULL,Yes,No,No,No,No,Yes
695,63664,94052,No,Yes,Yes,NULL,NULL,Yes,No,NULL,No,NULL,Yes
696,76764,83283,Yes,NULL,No,NULL,NULL,No,NULL,Yes,Yes,NULL,NULL
697,67475,76289,No,No,No,NULL,Yes,NULL,Yes,No,No,NULL,Yes
698,71173,91543,No,Yes,No,NULL,No,No,NULL,Yes,Yes,NULL,No
699,79887,9292,Yes,NULL,NULL,No,NULL,NULL,No,Yes,NULL,Yes,No
700,2529,82621,Yes,No,No,No,Yes,No,NULL,No,NULL,Yes,NULL
701,83582,6221,Yes,No,Yes,No,NULL,Yes,NULL,No,NULL,NULL,Yes
702,49455,84885,NULL,No,No,Yes,NULL,NULL,No,Yes,NULL,NULL,No
703,45436,12546,No,No,Yes,No,No,Yes,No,No,NULL,NULL,Yes
704,26751,52767,NULL,No,No,No,NULL,No,No,Yes,No,Yes,No
705,11126,3823,NULL,Yes,No,NULL,NULL,NULL,No,NULL,No,No,Yes
706,85950,20409,Yes,No,NULL,No,No,No,NULL,No,No,NULL,No
707,6709,92548,No,No,Yes,No,No,Yes,NULL,NULL,Yes,Yes,Yes
708,59237,81130,Yes,NULL,NULL,NULL,Yes,No,Yes,NULL,NULL,NULL,NULL
709,58814,78953,No,Yes,NULL,No,NULL,Yes,No,NULL,No,Yes,No
710,55539,53871,No,No,No,NULL,No,No,No,No,Yes,No,NULL
711,35316,29500,Yes,No,Yes,Yes,NULL,No,NULL,Yes,Yes,No,Yes
712,75450,2850,Yes,No,NULL,Yes,Yes,NULL,Yes,NULL,Yes,Yes,NULL
713,69419,36965,Yes,NULL,Yes,NULL,No,NULL,Yes,NULL,No,No,No
714,56404,72201,Yes,No,No,Yes,NULL,No,NULL,No,NULL,NULL,Yes
715,39836,25002,No,No,NULL,Yes,NULL,Yes,NULL,Yes,Yes,No,No
716,96033,13309,NULL,Yes,No,NULL,NULL,Yes,NULL,Yes,No,No,Yes
717,48870,35629,No,Yes,Yes,NULL,Yes,No,Yes,No,No,No,Yes
718,82868,69325,No,No,Yes,Yes,Yes,NULL,NULL,NULL,NULL,NULL,Yes
719,38735,51037,No,No,NULL,Yes,No,No,NULL,No,Yes,NULL,NULL
720,24825,29592,NULL,No,NULL,No,NULL,Yes,NULL,No,No,NULL,Yes
721,18048,23678,No,NULL,NULL,NULL,Yes,NULL,NULL,Yes,Yes,NULL,NULL
722,31761,53273,No,NULL,No,NULL,Yes,NULL,Yes,No,Yes,No,NULL
723,54926,16781,No,Yes,NULL,Yes,No,Yes,No,NULL,NULL,No,NULL
724,40838,25393,NULL,Yes,NULL,No,NULL,Yes,NULL,No,NULL,NULL,No
725,17736,79283,Yes,Yes,Yes,NULL,No,Yes,NULL,NULL,NULL,NULL,No
726,92893,17481,Yes,Yes,No,Yes,Yes,Yes,Yes,Yes,Yes,NULL,Yes
727,20667,5479,NULL,No,NULL,Yes,No,No,NULL,Yes,NULL,Yes,NULL
728,47314,11858,NULL,NULL,No,No,NULL,No,No,No,Yes,NULL,No
729,28118,75502,No,Yes,Yes,No,No,No,No,Yes,NULL,NULL,No
730,17101,41490,Yes,NULL,Yes,No,Yes,Yes,Yes,No,Yes,No,No
731,61495,38676,Yes,NULL,Yes,No,NULL,Yes,NULL,No,Yes,Yes,Yes
732,80066,81575,No,Yes,NULL,No,Yes,No,NULL,NULL,NULL,NULL,Yes
733,19837,11440,Yes,No,Yes,No,Yes,Yes,Yes,Yes,NULL,NULL,NULL
734,74284,50009,NULL,Yes,No,NULL,No,NULL,Yes,No,No,NULL,Yes
735,75971,26448,NULL,No,Yes,Yes,Yes,No,No,No,Yes,NULL,Yes
736,18762,75947,No,No,No,NULL,No,No,No,NULL,Yes,Yes,Yes
737,39922,50405,No,No,NULL,Yes,Yes,Yes,Yes,No,NULL,Yes,No
738,53249,69734,Yes,No,NULL,NULL,NULL,No,Yes,NULL,NULL,NULL,Yes
739,36555,66653,Yes,Yes,No,NULL,Yes,NULL,NULL,No,NULL,Yes,Yes
740,34188,72393,No,No,NULL,Yes,No,Yes,No,No,No,NULL,No
741,6610,61552,No,No,NULL,Yes,NULL,No,NULL,Yes,NULL,No,Yes
742,29455,45050,NULL,Yes,Yes,Yes,Yes,Yes,No,Yes,No,No,NULL
743,80821,394,NULL,Yes,Yes,NULL,NULL,Yes,No,Yes,No,NULL,Yes
744,36659,63016,Yes,Yes,No,No,NULL,No,NULL,Yes,NULL,Yes,No
745,32713,77101,Yes,Yes,NULL,NULL,Yes,NULL,Yes,No,NULL,Yes,No
746,44743,39879,No,NULL,No,NULL,No,No,Yes,No,Yes,NULL,Yes
747,8164,68274,Yes,NULL,No,Yes,No,Yes,NULL,Yes,Yes,No,Yes
748,96034,41146,No,Yes,NULL,Yes,Yes,Yes,NULL,No,No,Yes,No
749,66054,90053,No,NULL,Yes,Yes,No,No,Yes,NULL,NULL,Yes,NULL
750,82596,31842,NULL,NULL,NULL,Yes,No,No,No,Yes,Yes,Yes,No
751,51747,86650,No,No,NULL,NULL,NULL,No,No,No,Yes,Yes,NULL
752,42599,16364,Yes,Yes,Yes,No,Yes,No,No,NULL,NULL,NULL,Yes
753,24512,36721,No,No,NULL,NULL,No,Yes,NULL,Yes,Yes,No,NULL
754,19290,24117,NULL,Yes,NULL,Yes,Yes,NULL,Yes,NULL,Yes,No,NULL
755,83271,1467,No,No,Yes,NULL,Yes,Yes,No,Yes,Yes,Yes,NULL
756,84335,67888,NULL,Yes,Yes,NULL,NULL,No,No,No,Yes,No,Yes
757,68182,83762,Yes,No,NULL,No,Yes,NULL,No,No,Yes,NULL,Yes
758,3813,61651,No,Yes,No,No,No,Yes,No,No,No,No,Yes
759,40470,61611,NULL,NULL,NULL,NULL,No,Yes,Yes,No,Yes,NULL,NULL
760,64116,99609,No,NULL,Yes,NULL,NULL,Yes,No,Yes,Yes,No,No
761,20225,41217,NULL,NULL,NULL,NULL,Yes,No,No,No,Yes,Yes,No
762,91137,26150,Yes,Yes,No,NULL,Yes,Yes,NULL,Yes,NULL,Yes,No
763,31741,54118,NULL,No,NULL,No,NULL,No,Yes,Yes,NULL,NULL,NULL
764,91438,58990,Yes,No,NULL,No,Yes,No,NULL,Yes,Yes,NULL,NULL
765,66051,1003,No,No,Yes,NULL,NULL,Yes,No,Yes,Yes,NULL,Yes
766,80159,55717,No,No,NULL,NULL,Yes,No,NULL,NULL,No,Yes,Yes
767,9090,55713,No,NULL,NULL,Yes,NULL,Yes,Yes,Yes,No,NULL,Yes
768,66781,55303,No,NULL,Yes,Yes,No,NULL,Yes,No,Yes,NULL,Yes
769,33224,53613,Yes,NULL,NULL,Yes,No,No,Yes,No,No,NULL,Yes
770,81505,31690,Yes,No,No,No,Yes,Yes,No,NULL,NULL,No,No
771,10596,2328,NULL,No,NULL,NULL,Yes,No,No,Yes,NULL,No,NULL
772,4846,71218,NULL,No,Yes,Yes,Yes,Yes,Yes,NULL,NULL,NULL,Yes
773,36164,25310,NULL,No,Yes,Yes,No,Yes,NULL,No,Yes,NULL,NULL
774,25459,65707,No,Yes,No,NULL,No,Yes,No,Yes,NULL,No,Yes
775,77023,80649,No,No,No,Yes,Yes,No,Yes,NULL,Yes,Yes,No
776,80167,52497,Yes,No,No,No,NULL,NULL,Yes,Yes,No,NULL,No
777,31593,39327,No,NULL,NULL,No,NULL,Yes,Yes,NULL,Yes,NULL,No
778,5814,60086,NULL,No,NULL,NULL,No,No,Yes,NULL,No,NULL,Yes
779,96843,64285,No,Yes,Yes,NULL,NULL,Yes,No,Yes,Yes,Yes,No
780,62082,86637,Yes,NULL,NULL,No,No,Yes,Yes,No,Yes,No,No
781,42250,18009,No,NULL,No,NULL,Yes,No,No,No,Yes,NULL,No
782,81315,44456,Yes,No,NULL,No,NULL,NULL,Yes,No,NULL,No,No
783,45277,67976,Yes,No,Yes,NULL,NULL,NULL,NULL,Yes,NULL,NULL,Yes
784,44128,50967,Yes,No,No,NULL,No,Yes,Yes,Yes,No,NULL,Yes
785,29140,39005,No,Yes,Yes,No,No,NULL,Yes,Yes,Yes,No,Yes
786,13335,11308,NULL,Yes,No,NULL,NULL,No,Yes,NULL,Yes,NULL,Yes
787,56895,37477,Yes,Yes,No,Yes,NULL,NULL,No,No,Yes,No,NULL
788,98354,81862,NULL,Yes,NULL,Yes,NULL,No,No,Yes,Yes,NULL,NULL
789,1280,8502,NULL,Yes,Yes,Yes,No,Yes,Yes,No,No,Yes,NULL
790,48416,5170,No,Yes,NULL,Yes,Yes,Yes,NULL,Yes,NULL,Yes,Yes
791,64311,35611,NULL,Yes,Yes,No,Yes,No,No,No,Yes,Yes,No
792,367,7897,NULL,Yes,NULL,No,Yes,No,No,Yes,NULL,NULL,NULL
793,35446,94608,NULL,Yes,No,Yes,NULL,No,NULL,No,Yes,No,No
794,87317,31814,NULL,No,No,No,No,NULL,No,Yes,NULL,No,Yes
795,29579,48865,NULL,Yes,Yes,NULL,Yes,Yes,No,NULL,Yes,Yes,Yes
796,9023,77337,No,NULL,No,Yes,Yes,Yes,NULL,Yes,No,No,Yes
797,5028,38517,No,NULL,No,NULL,NULL,NULL,NULL,NULL,Yes,NULL,No
798,27964,52333,Yes,No,NULL,Yes,No,NULL,NULL,NULL,Yes,No,No
799,86561,34466,NULL,No,Yes,Yes,Yes,NULL,No,Yes,No,Yes,Yes
800,10277,78769,Yes,No,Yes,No,Yes,No,NULL,Yes,No,NULL,Yes
801,14446,48867,No,Yes,No,NULL,Yes,NULL,Yes,No,NULL,NULL,No
802,58614,51793,NULL,No,No,NULL,Yes,Yes,No,Yes,Yes,No,NULL
803,29592,91335,No,No,Yes,NULL,Yes,Yes,No,No,No,No,NULL
804,1142,73642,NULL,No,Yes,No,Yes,NULL,No,NULL,Yes,NULL,NULL
805,28294,73708,NULL,Yes,No,No,No,No,NULL,Yes,No,NULL,Yes
806,18968,5328,Yes,No,Yes,Yes,NULL,Yes,Yes,Yes,No,No,No
807,19110,56238,No,No,No,Yes,NULL,NULL,Yes,NULL,Yes,Yes,Yes
808,79817,58936,Yes,No,No,Yes,No,No,Yes,No,No,NULL,Yes
809,40768,85476,NULL,Yes,No,Yes,Yes,No,No,NULL,Yes,Yes,NULL
810,7197,89440,No,No,Yes,Yes,No,NULL,No,Yes,NULL,No,NULL
811,75571,57050,NULL,NULL,No,No,No,Yes,Yes,No,NULL,Yes,NULL
812,36444,87707,No,No,No,NULL,Yes,NULL,No,No,No,No,No
813,75769,25321,No,No,NULL,No,NULL,No,No,NULL,NULL,NULL,No
814,20858,98604,NULL,No,No,Yes,Yes,NULL,NULL,Yes,No,No,No
815,37803,25933,Yes,Yes,No,Yes,NULL,No,No,NULL,NULL,NULL,NULL
816,81442,41058,No,NULL,Yes,No,Yes,NULL,No,NULL,Yes,NULL,No
817,78267,80858,NULL,NULL,NULL,NULL,No,No,NULL,Yes,Yes,Yes,NULL
818,70434,2118,Yes,Yes,No,NULL,NULL,No,No,No,NULL,NULL,No
819,39166,61902,NULL,NULL,NULL,Yes,No,Yes,NULL,No,NULL,No,No
820,78131,44999,NULL,Yes,NULL,Yes,NULL,No,Yes,No,Yes,NULL,NULL
821,7995,99952,Yes,No,NULL,Yes,Yes,Yes,NULL,Yes,NULL,Yes,No
822,70152,70478,No,Yes,Yes,Yes,NULL,NULL,Yes,NULL,No,Yes,Yes
823,7573,76832,Yes,No,NULL,NULL,Yes,NULL,No,Yes,No,NULL,Yes
824,62475,84303,NULL,No,Yes,Yes,No,NULL,No,Yes,NULL,NULL,No
825,81043,69985,Yes,No,NULL,NULL,No,No,NULL,No,No,NULL,No
826,54416,52180,Yes,NULL,Yes,NULL,No,No,NULL,NULL,No,NULL,NULL
827,91586,70607,Yes,Yes,NULL,Yes,No,NULL,No,No,No,No,No
828,76306,8339,NULL,Yes,Yes,No,Yes,NULL,NULL,NULL,Yes,NULL,No
829,45749,64016,No,No,Yes,NULL,No,No,Yes,Yes,No,Yes,Yes
830,65748,11892,NULL,NULL,No,Yes,NULL,No,NULL,NULL,NULL,NULL,NULL
831,43573,26016,No,Yes,No,NULL,NULL,No,NULL,Yes,NULL,No,No
832,66010,60961,Yes,Yes,No,Yes,NULL,NULL,NULL,No,No,Yes,NULL
833,64802,85101,No,NULL,Yes,No,No,NULL,Yes,NULL,NULL,No,No
834,97793,2020,No,No,Yes,Yes,Yes,Yes,Yes,No,Yes,Yes,NULL
835,61221,46001,No,No,Yes,Yes,Yes,No,NULL,NULL,Yes,Yes,No
836,48097,31668,NULL,NULL,No,Yes,No,No,Yes,NULL,Yes,No,Yes
837,33556,71410,Yes,No,No,Yes,NULL,NULL,No,No,Yes,No,No
838,49363,29093,No,Yes,No,NULL,Yes,Yes,No,NULL,NULL,NULL,Yes
839,40273,37063,No,Yes,NULL,Yes,Yes,NULL,NULL,NULL,NULL,No,NULL
840,96955,19620,Yes,Yes,Yes,Yes,No,Yes,NULL,Yes,NULL,Yes,No
841,81158,83867,NULL,Yes,Yes,Yes,Yes,Yes,No,NULL,NULL,No,NULL
842,10750,21263,Yes,Yes,Yes,NULL,No,NULL,Yes,NULL,Yes,No,No
843,46308,32138,No,NULL,NULL,Yes,NULL,Yes,NULL,No,Yes,NULL,NULL
844,84718,19902,NULL,No,NULL,Yes,NULL,No,NULL,Yes,No,Yes,NULL
845,26670,43083,No,No,Yes,NULL,No,No,NULL,Yes,Yes,NULL,No
846,13514,48860,Yes,NULL,Yes,Yes,Yes,No,Yes,NULL,Yes,NULL,NULL
847,33898,75038,Yes,Yes,NULL,No,Yes,Yes,Yes,NULL,Yes,Yes,NULL
848,38657,32861,Yes,Yes,Yes,No,Yes,Yes,No,Yes,NULL,No,Yes
849,76710,32966,NULL,NULL,Yes,Yes,NULL,Yes,Yes,NULL,Yes,Yes,Yes
850,82224,51987,Yes,Yes,NULL,NULL,No,Yes,Yes,NULL,No,Yes,NULL
851,15810,8440,No,Yes,Yes,No,Yes,Yes,No,Yes,NULL,NULL,No
852,68483,52389,No,NULL,NULL,No,Yes,Yes,No,Yes,No,NULL,No
853,52926,84979,NULL,NULL,NULL,Yes,Yes,NULL,No,Yes,No,Yes,Yes
854,51194,80747,NULL,Yes,NULL,Yes,NULL,NULL,No,Yes,Yes,Yes,NULL
855,53608,72649,No,Yes,NULL,Yes,Yes,Yes,NULL,Yes,NULL,No,No
856,94020,27263,NULL,No,No,Yes,No,Yes,NULL,Yes,Yes,Yes,No
857,92882,5313,No,NULL,NULL,NULL,Yes,No,NULL,NULL,Yes,No,No
858,60633,42216,Yes,NULL,No,NULL,No,NULL,NULL,No,Yes,Yes,NULL
859,3111,19263,No,NULL,Yes,NULL,Yes,Yes,NULL,NULL,No,NULL,Yes
860,74121,61134,Yes,No,No,NULL,NULL,No,NULL,No,NULL,Yes,NULL
861,3774,72956,Yes,No,No,Yes,NULL,Yes,No,NULL,Yes,No,NULL
862,10498,56944,NULL,NULL,NULL,Yes,No,Yes,Yes,NULL,Yes,Yes,Yes
863,46307,77406,No,No,No,Yes,Yes,Yes,No,Yes,Yes,No,No
864,75125,66915,No,No,NULL,No,No,No,Yes,Yes,Yes,Yes,No
865,85277,37292,Yes,Yes,Yes,NULL,No,No,NULL,Yes,No,Yes,No
866,51262,41952,NULL,NULL,No,Yes,No,NULL,Yes,No,No,No,Yes
867,19130,95971,NULL,No,Yes,Yes,No,Yes,No,No,No,NULL,Yes
868,5359,67740,NULL,No,NULL,No,Yes,No,Yes,No,Yes,Yes,NULL
869,80983,3756,No,Yes,Yes,No,No,NULL,No,Yes,Yes,NULL,No
870,87742,49179,Yes,Yes,NULL,Yes,Yes,No,NULL,No,No,No,NULL
871,44513,97229,NULL,NULL,Yes,No,No,Yes,Yes,NULL,NULL,No,NULL
872,19940,76718,NULL,No,No,No,Yes,Yes,No,Yes,Yes,Yes,Yes
873,70413,51063,No,NULL,NULL,No,No,NULL,Yes,No,No,Yes,NULL
874,10788,50661,No,NULL,NULL,NULL,NULL,NULL,Yes,NULL,Yes,No,NULL
875,57327,88311,Yes,Yes,Yes,No,NULL,No,No,Yes,NULL,No,NULL
876,94438,11145,No,Yes,NULL,No,Yes,No,Yes,NULL,Yes,No,Yes
877,71306,96420,No,Yes,NULL,No,No,NULL,No,NULL,Yes,NULL,Yes
878,58628,41276,Yes,No,NULL,No,NULL,Yes,No,Yes,NULL,No,NULL
879,69673,34626,No,Yes,Yes,NULL,Yes,NULL,No,Yes,No,NULL,No
880,17962,67083,NULL,Yes,No,NULL,No,Yes,No,No,No,NULL,Yes
881,46290,70724,No,No,NULL,Yes,No,NULL,NULL,Yes,Yes,Yes,Yes
882,67855,28677,No,NULL,No,Yes,No,NULL,Yes,No,Yes,Yes,Yes
883,87617,57520,NULL,No,Yes,No,Yes,No,NULL,No,No,No,Yes
884,55748,8197,No,Yes,No,Yes,No,Yes,Yes,NULL,NULL,NULL,No
885,78747,35595,NULL,No,NULL,No,No,NULL,NULL,NULL,NULL,Yes,Yes
886,88484,50097,Yes,No,No,Yes,No,NULL,No,Yes,NULL,Yes,NULL
887,20078,27010,Yes,No,NULL,No,NULL,NULL,Yes,No,No,NULL,NULL
888,80700,26934,Yes,No,Yes,No,Yes,NULL,NULL,Yes,Yes,NULL,No
889,51523,99610,No,NULL,NULL,NULL,NULL,No,Yes,No,No,No,Yes
890,71172,45309,NULL,Yes,No,Yes,NULL,NULL,Yes,No,No,NULL,NULL
891,20487,12107,Yes,Yes,Yes,No,NULL,NULL,Yes,Yes,No,No,NULL
892,19260,68830,No,Yes,No,NULL,No,No,No,Yes,Yes,NULL,Yes
893,48730,99012,No,Yes,No,No,NULL,Yes,NULL,No,NULL,Yes,Yes
894,66910,32663,No,NULL,NULL,NULL,Yes,NULL,Yes,Yes,Yes,NULL,Yes
895,11379,15863,Yes,Yes,Yes,No,No,No,No,No,No,No,No
896,77204,42693,Yes,NULL,NULL,Yes,No,No,Yes,Yes,No,Yes,NULL
897,52015,4834,Yes,Yes,NULL,No,NULL,Yes,Yes,Yes,No,Yes,NULL
898,62445,70529,NULL,NULL,No,Yes,No,NULL,No,Yes,NULL,NULL,Yes
899,53913,91600,NULL,No,Yes,NULL,NULL,No,Yes,No,No,Yes,Yes
900,66205,60142,Yes,No,NULL,NULL,NULL,Yes,NULL,No,Yes,NULL,NULL
901,64388,89415,NULL,Yes,NULL,NULL,NULL,No,Yes,NULL,No,Yes,NULL
902,91762,74360,No,Yes,Yes,NULL,NULL,Yes,No,Yes,NULL,Yes,NULL
903,70521,20031,Yes,Yes,No,NULL,No,NULL,No,Yes,No,No,NULL
904,17180,60239,NULL,No,No,NULL,Yes,NULL,NULL,Yes,No,No,Yes
905,80750,41069,No,Yes,Yes,NULL,NULL,NULL,No,No,NULL,Yes,NULL
906,84305,58624,Yes,No,No,Yes,No,NULL,Yes,No,Yes,NULL,Yes
907,78625,30110,Yes,Yes,No,NULL,NULL,No,NULL,Yes,NULL,NULL,Yes
908,54,63044,No,Yes,Yes,Yes,No,Yes,No,No,NULL,No,NULL
909,53168,14738,Yes,Yes,NULL,NULL,NULL,No,No,No,NULL,Yes,NULL
910,37181,51317,Yes,No,No,Yes,Yes,No,No,Yes,NULL,No,NULL
911,51843,64946,Yes,Yes,No,Yes,Yes,Yes,No,Yes,Yes,No,Yes
912,77438,41884,NULL,Yes,Yes,No,Yes,No,NULL,NULL,No,NULL,NULL
913,79626,26683,Yes,Yes,NULL,No,Yes,Yes,No,Yes,No,Yes,Yes
914,24439,44170,Yes,No,NULL,NULL,NULL,No,Yes,No,Yes,No,No
915,52372,52014,NULL,No,No,NULL,NULL,Yes,No,NULL,Yes,No,Yes
916,88618,36864,NULL,NULL,Yes,Yes,No,Yes,Yes,No,NULL,No,No
917,44992,5071,No,No,NULL,Yes,No,No,No,Yes,Yes,Yes,No
918,42649,70913,NULL,Yes,NULL,No,Yes,No,Yes,Yes,No,NULL,Yes
919,44089,45697,NULL,No,NULL,No,Yes,No,NULL,No,NULL,Yes,No
920,75639,64386,No,Yes,No,NULL,No,No,Yes,Yes,Yes,Yes,NULL
921,16085,20429,No,Yes,No,NULL,Yes,NULL,NULL,Yes,Yes,No,NULL
922,72509,88809,Yes,No,NULL,NULL,NULL,Yes,NULL,NULL,No,Yes,Yes
923,84080,40811,Yes,NULL,NULL,NULL,No,NULL,No,NULL,No,Yes,No
924,32793,36737,NULL,NULL,No,No,Yes,NULL,No,Yes,No,Yes,No
925,7914,36252,No,No,NULL,Yes,Yes,Yes,NULL,No,No,Yes,Yes
926,85850,28606,NULL,No,No,No,No,NULL,NULL,No,NULL,Yes,Yes
927,27494,58530,No,NULL,Yes,NULL,Yes,No,NULL,No,NULL,Yes,Yes
928,27029,38311,No,Yes,No,No,Yes,Yes,Yes,NULL,Yes,Yes,NULL
929,36856,88021,No,No,NULL,No,Yes,No,Yes,Yes,No,NULL,No
930,87426,95608,NULL,No,Yes,NULL,No,NULL,Yes,Yes,No,Yes,No
931,90135,16729,Yes,Yes,NULL,No,NULL,No,NULL,Yes,No,NULL,Yes
932,23606,49304,No,NULL,NULL,NULL,Yes,Yes,NULL,Yes,No,No,No
933,86506,43275,NULL,No,No,Yes,No,NULL,No,No,No,No,No
934,40197,66305,Yes,No,Yes,No,NULL,No,NULL,No,No,Yes,NULL
935,80832,94930,Yes,No,No,NULL,No,No,NULL,No,Yes,No,NULL
936,85013,37579,NULL,No,Yes,NULL,NULL,Yes,Yes,Yes,No,No,No
937,21407,88733,Yes,NULL,No,Yes,Yes,Yes,No,Yes,Yes,NULL,No
938,69336,44982,NULL,No,No,NULL,No,No,No,NULL,NULL,Yes,NULL
939,53806,49210,No,Yes,NULL,No,NULL,NULL,No,NULL,No,Yes,Yes
940,45079,54820,NULL,Yes,No,Yes,NULL,Yes,Yes,No,Yes,Yes,No
941,68015,56717,Yes,NULL,No,No,NULL,Yes,Yes,Yes,Yes,NULL,No
942,3272,16248,NULL,NULL,No,Yes,Yes,No,No,Yes,No,Yes,Yes
943,96148,71141,NULL,Yes,Yes,NULL,NULL,NULL,No,Yes,Yes,No,Yes
944,88436,26779,NULL,NULL,Yes,Yes,NULL,Yes,No,NULL,No,Yes,NULL
945,15354,78020,No,NULL,No,Yes,Yes,No,No,NULL,NULL,NULL,NULL
946,85785,4153,No,Yes,NULL,NULL,NULL,Yes,Yes,NULL,No,NULL,No
947,48378,4451,NULL,No,Yes,No,Yes,NULL,NULL,NULL,No,No,Yes
948,72345,98992,No,No,No,Yes,Yes,No,NULL,No,No,NULL,No
949,41945,58392,Yes,Yes,NULL,NULL,NULL,No,No,NULL,NULL,No,NULL
950,22764,21604,Yes,No,NULL,NULL,No,No,No,No,NULL,No,NULL
951,14187,13397,NULL,Yes,No,No,NULL,No,No,Yes,Yes,Yes,NULL
952,61387,10241,Yes,Yes,Yes,Yes,NULL,NULL,Yes,Yes,Yes,No,NULL
953,53078,26602,Yes,NULL,NULL,No,No,Yes,No,No,Yes,NULL,NULL
954,37645,99125,Yes,Yes,Yes,Yes,Yes,NULL,No,Yes,No,NULL,No
955,6301,697,Yes,NULL,NULL,No,Yes,Yes,NULL,No,No,NULL,Yes
956,86377,46650,NULL,Yes,NULL,Yes,No,NULL,NULL,NULL,Yes,Yes,NULL
957,14155,11522,NULL,NULL,Yes,Yes,NULL,Yes,Yes,Yes,Yes,NULL,NULL
958,11301,32607,No,No,No,Yes,NULL,NULL,Yes,Yes,Yes,No,NULL
959,27366,19572,Yes,Yes,Yes,Yes,Yes,Yes,Yes,NULL,Yes,NULL,No
960,18235,3552,No,NULL,NULL,NULL,NULL,No,NULL,No,No,No,Yes
961,83601,94462,No,Yes,No,Yes,NULL,Yes,No,NULL,Yes,NULL,No
962,65685,67338,No,Yes,NULL,NULL,NULL,NULL,No,Yes,No,No,Yes
963,84780,92159,NULL,No,No,NULL,Yes,NULL,Yes,No,No,Yes,NULL
964,75476,11873,NULL,Yes,No,No,NULL,No,NULL,No,No,No,No
965,22187,81255,NULL,NULL,No,NULL,No,No,Yes,NULL,No,No,NULL
966,14006,89368,Yes,Yes,No,No,Yes,Yes,NULL,No,NULL,NULL,NULL
967,74827,36640,Yes,No,No,NULL,Yes,NULL,NULL,Yes,Yes,No,NULL
968,630,95572,No,NULL,NULL,No,Yes,No,NULL,No,Yes,No,No
969,25613,3254,Yes,No,No,NULL,Yes,NULL,Yes,Yes,Yes,No,NULL
970,24778,35772,Yes,NULL,No,NULL,No,No,Yes,No,Yes,No,No
971,36065,32626,Yes,No,Yes,NULL,No,Yes,Yes,NULL,Yes,NULL,NULL
972,79054,43480,NULL,No,NULL,Yes,Yes,No,NULL,NULL,No,Yes,Yes
973,11023,26112,Yes,No,No,NULL,NULL,No,NULL,NULL,NULL,NULL,NULL
974,31978,58327,Yes,NULL,No,NULL,Yes,NULL,Yes,Yes,Yes,Yes,No
975,47562,92521,Yes,No,Yes,No,No,No,Yes,No,NULL,Yes,NULL
976,24004,47796,No,No,Yes,NULL,No,NULL,No,Yes,Yes,No,NULL
977,93468,31969,NULL,NULL,Yes,Yes,NULL,NULL,No,Yes,Yes,No,Yes
978,3284,88660,NULL,Yes,No,NULL,NULL,NULL,Yes,No,NULL,No,No
979,81471,4678,No,No,No,No,No,Yes,NULL,Yes,NULL,No,No
980,14383,18830,No,Yes,NULL,NULL,NULL,Yes,NULL,No,NULL,No,No
981,6502,11713,NULL,Yes,No,Yes,Yes,Yes,NULL,Yes,No,NULL,Yes
982,70182,38796,Yes,Yes,NULL,NULL,NULL,Yes,No,NULL,No,No,NULL
983,83040,70905,NULL,Yes,No,No,NULL,No,No,Yes,No,No,Yes
984,80516,12207,NULL,NULL,No,NULL,No,Yes,NULL,Yes,No,Yes,NULL
985,37883,51075,NULL,No,No,NULL,NULL,Yes,Yes,NULL,NULL,NULL,Yes
986,94730,7122,NULL,NULL,NULL,No,Yes,No,NULL,Yes,No,Yes,No
987,97080,32471,Yes,NULL,No,No,Yes,NULL,NULL,NULL,Yes,No,NULL
988,51260,97836,No,No,Yes,NULL,NULL,NULL,NULL,No,Yes,Yes,NULL
989,74641,27328,No,NULL,No,NULL,NULL,Yes,Yes,NULL,NULL,Yes,Yes
990,15126,48553,Yes,Yes,NULL,Yes,No,NULL,No,Yes,No,No,No
991,46399,63918,NULL,Yes,No,Yes,Yes,Yes,Yes,No,Yes,No,Yes
992,96047,75663,No,NULL,Yes,Yes,NULL,NULL,NULL,No,No,NULL,NULL
993,62503,8947,Yes,Yes,Yes,No,No,Yes,No,NULL,No,NULL,No
994,61359,46765,Yes,Yes,No,No,No,No,NULL,NULL,Yes,NULL,No
995,35387,2825,Yes,Yes,Yes,Yes,No,No,No,No,NULL,No,Yes
996,12240,70829,NULL,No,NULL,Yes,NULL,Yes,No,Yes,Yes,No,Yes
997,29301,75233,Yes,No,Yes,NULL,Yes,No,Yes,NULL,NULL,NULL,Yes
998,14013,71418,No,NULL,No,No,NULL,No,Yes,NULL,Yes,NULL,No
999,64276,97087,No,No,NULL,NULL,Yes,No,No,No,Yes,NULL,No
1000,94156,30385,Yes,Yes,NULL,NULL,No,No,No,Yes,Yes,No,No
