Valuation_id,List_Price,Previous_Rent,ARV,Rent_Zestimate,Low_FMR,Redfin_Value,Zestimate,Expected_Rent,High_FMR
1,93528,1699.00,130693.00,2047.00,1251.00,379528.00,NULL,NULL,NULL
2,281162,NULL,NULL,NULL,1306.00,515319.00,522504.00,2671.00,1859.00
3,175119,2188.00,NULL,NULL,1612.00,NULL,NULL,1386.00,NULL
4,168323,NULL,NULL,NULL,NULL,NULL,192171.00,3138.00,5157.00
5,434027,2955.00,187554.00,3324.00,NULL,NULL,NULL,NULL,NULL
6,298991,NULL,518260.00,3082.00,1728.00,458495.00,391125.00,NULL,NULL
7,247549,2412.00,NULL,NULL,NULL,NULL,NULL,NULL,NULL
8,225463,NULL,NULL,2004.00,NULL,360480.00,NULL,NULL,NULL
9,353402,3478.00,NULL,NULL,NULL,NULL,NULL,NULL,NULL
10,178184,NULL,NULL,3964.00,NULL,NULL,174118.00,2455.00,NULL
11,316094,1855.00,516300.00,NULL,NULL,403597.00,NULL,1577.00,NULL
12,149122,3012.00,437426.00,NULL,NULL,291438.00,230805.00,NULL,NULL
13,375636,NULL,NULL,3120.00,767.00,NULL,NULL,NULL,3818.00
14,278888,3060.00,144913.00,3796.00,NULL,NULL,441558.00,3282.00,4934.00
15,268968,NULL,NULL,946.00,1825.00,NULL,388111.00,NULL,NULL
16,362688,2315.00,NULL,909.00,NULL,NULL,NULL,NULL,4101.00
17,310609,3414.00,NULL,NULL,1932.00,NULL,NULL,985.00,2584.00
18,216345,NULL,NULL,3683.00,1182.00,NULL,NULL,NULL,3108.00
19,464598,NULL,167610.00,NULL,1762.00,NULL,NULL,NULL,4826.00
20,310608,NULL,NULL,1635.00,NULL,542460.00,NULL,NULL,2575.00
21,264059,1427.00,NULL,NULL,1145.00,249455.00,NULL,NULL,3217.00
22,409356,NULL,317540.00,NULL,NULL,119766.00,NULL,NULL,NULL
23,360356,1508.00,155968.00,NULL,NULL,NULL,260767.00,NULL,2242.00
24,305613,3360.00,580026.00,1665.00,787.00,NULL,340702.00,NULL,NULL
25,249465,3052.00,NULL,1668.00,NULL,NULL,324721.00,NULL,NULL
26,155602,2375.00,567821.00,NULL,1081.00,NULL,100242.00,1675.00,5351.00
27,273961,1792.00,224843.00,NULL,1913.00,NULL,NULL,NULL,3380.00
28,232238,NULL,230427.00,NULL,NULL,NULL,NULL,NULL,2127.00
29,375293,NULL,NULL,2414.00,NULL,92448.00,NULL,NULL,NULL
30,486767,NULL,NULL,3614.00,NULL,NULL,NULL,NULL,NULL
31,188029,2675.00,NULL,NULL,NULL,NULL,296300.00,NULL,5440.00
32,195895,NULL,201257.00,NULL,1224.00,NULL,524613.00,2953.00,1354.00
33,372005,NULL,NULL,NULL,NULL,NULL,346355.00,2118.00,1890.00
34,217730,NULL,NULL,2717.00,NULL,NULL,NULL,3332.00,2763.00
35,92968,NULL,NULL,3280.00,NULL,561163.00,372215.00,NULL,2715.00
36,409577,NULL,180735.00,2688.00,NULL,NULL,445647.00,1272.00,NULL
37,255175,1970.00,NULL,NULL,704.00,NULL,NULL,1803.00,1569.00
38,221940,2453.00,NULL,2559.00,NULL,NULL,NULL,NULL,NULL
39,111687,NULL,535638.00,834.00,NULL,NULL,301875.00,2807.00,NULL
40,370298,NULL,243237.00,1329.00,NULL,NULL,NULL,2982.00,NULL
41,441332,NULL,NULL,NULL,NULL,122739.00,NULL,2434.00,2136.00
42,143887,NULL,NULL,3412.00,NULL,372610.00,NULL,3441.00,NULL
43,425443,NULL,343283.00,NULL,NULL,NULL,NULL,NULL,3064.00
44,359799,NULL,506296.00,842.00,NULL,NULL,NULL,NULL,NULL
45,344694,NULL,NULL,NULL,1572.00,408143.00,NULL,NULL,1377.00
46,273043,NULL,230001.00,NULL,NULL,538491.00,NULL,2445.00,NULL
47,443830,NULL,NULL,3072.00,NULL,NULL,NULL,NULL,NULL
48,257191,NULL,NULL,NULL,1633.00,365344.00,433733.00,995.00,3000.00
49,486937,3099.00,540338.00,3729.00,NULL,NULL,320716.00,2097.00,NULL
50,311934,2955.00,341343.00,NULL,NULL,NULL,320459.00,1969.00,NULL
51,458073,NULL,NULL,3180.00,NULL,NULL,NULL,2620.00,NULL
52,95411,NULL,NULL,2672.00,NULL,NULL,NULL,1408.00,NULL
53,207414,NULL,114572.00,NULL,NULL,212729.00,NULL,1897.00,2144.00
54,126587,NULL,NULL,NULL,NULL,NULL,NULL,NULL,3340.00
55,109394,1125.00,NULL,NULL,NULL,NULL,100071.00,NULL,NULL
56,95084,NULL,NULL,3664.00,NULL,NULL,NULL,NULL,2192.00
57,164090,3143.00,486949.00,1767.00,1032.00,325928.00,NULL,1043.00,NULL
58,144087,NULL,395391.00,2215.00,1039.00,129236.00,NULL,2507.00,2045.00
59,115995,NULL,NULL,NULL,999.00,NULL,NULL,1681.00,2829.00
60,279250,NULL,NULL,3395.00,NULL,NULL,NULL,1683.00,NULL
61,302561,1339.00,380995.00,1350.00,1082.00,434667.00,328408.00,1353.00,4017.00
62,468261,NULL,NULL,NULL,NULL,591643.00,284100.00,NULL,5182.00
63,243599,2045.00,229492.00,3368.00,NULL,NULL,NULL,1884.00,NULL
64,433075,NULL,NULL,2764.00,1931.00,147731.00,NULL,NULL,3836.00
65,157735,2572.00,NULL,NULL,1388.00,182370.00,167058.00,3484.00,NULL
66,349342,NULL,444553.00,NULL,NULL,NULL,290281.00,NULL,NULL
67,368233,NULL,NULL,NULL,1529.00,130458.00,NULL,1339.00,NULL
68,349034,NULL,NULL,NULL,1912.00,NULL,NULL,NULL,NULL
69,103422,NULL,283535.00,NULL,757.00,123970.00,90211.00,1156.00,NULL
70,241628,1325.00,NULL,NULL,NULL,203661.00,NULL,NULL,NULL
71,427848,NULL,109738.00,NULL,1725.00,180727.00,NULL,NULL,NULL
72,385282,NULL,NULL,3567.00,NULL,NULL,NULL,NULL,NULL
73,369341,NULL,NULL,NULL,NULL,NULL,NULL,NULL,NULL
74,106978,NULL,430638.00,NULL,NULL,254952.00,NULL,NULL,3929.00
75,281797,3001.00,NULL,NULL,NULL,274605.00,NULL,1212.00,4426.00
76,419195,NULL,231280.00,2193.00,NULL,445853.00,NULL,NULL,NULL
77,234785,NULL,NULL,NULL,NULL,NULL,140143.00,1881.00,NULL
78,198826,NULL,116332.00,948.00,1207.00,NULL,NULL,NULL,5411.00
79,257011,NULL,NULL,NULL,1745.00,NULL,NULL,3056.00,NULL
80,323845,NULL,303358.00,2954.00,863.00,NULL,273326.00,NULL,NULL
81,136810,NULL,NULL,2192.00,795.00,525283.00,NULL,NULL,2932.00
82,470955,NULL,NULL,3711.00,NULL,NULL,NULL,NULL,NULL
83,205429,NULL,NULL,2107.00,1913.00,449184.00,NULL,NULL,1723.00
84,248273,NULL,NULL,3753.00,NULL,363072.00,311882.00,NULL,NULL
85,309936,NULL,NULL,NULL,NULL,NULL,96892.00,NULL,NULL
86,355043,NULL,NULL,NULL,NULL,NULL,NULL,NULL,4267.00
87,497369,NULL,568090.00,807.00,1759.00,379549.00,NULL,1749.00,2075.00
88,404915,1144.00,NULL,2239.00,NULL,NULL,149174.00,NULL,NULL
89,182101,NULL,399801.00,NULL,1753.00,247489.00,430660.00,2945.00,1547.00
90,423924,NULL,250979.00,NULL,NULL,NULL,348439.00,2863.00,4681.00
91,404353,NULL,505697.00,1959.00,1437.00,525482.00,NULL,NULL,1719.00
92,289630,3020.00,372360.00,2351.00,NULL,NULL,NULL,NULL,NULL
93,119304,NULL,NULL,NULL,980.00,196697.00,NULL,3210.00,4961.00
94,355520,NULL,93105.00,937.00,1444.00,NULL,NULL,3448.00,NULL
95,252927,NULL,259148.00,NULL,NULL,496597.00,387864.00,3252.00,NULL
96,355661,NULL,244144.00,NULL,NULL,406359.00,NULL,2491.00,NULL
97,176764,NULL,NULL,3658.00,NULL,NULL,NULL,NULL,NULL
98,395210,1565.00,489549.00,NULL,1312.00,NULL,NULL,NULL,5226.00
99,321844,3092.00,136644.00,3339.00,1915.00,NULL,217990.00,NULL,NULL
100,482267,NULL,535669.00,NULL,NULL,NULL,270116.00,2354.00,NULL
101,419487,NULL,NULL,1535.00,1585.00,NULL,133119.00,1255.00,5371.00
102,478833,2136.00,NULL,NULL,1450.00,555328.00,NULL,3453.00,NULL
103,449072,NULL,NULL,3484.00,1646.00,399823.00,209558.00,NULL,5067.00
104,223209,NULL,NULL,3289.00,NULL,NULL,NULL,903.00,NULL
105,169618,2189.00,NULL,NULL,974.00,NULL,383227.00,NULL,NULL
106,245136,NULL,301943.00,NULL,991.00,NULL,NULL,NULL,3712.00
107,285612,2431.00,NULL,NULL,NULL,NULL,NULL,1738.00,2701.00
108,464725,2089.00,NULL,2004.00,NULL,NULL,NULL,1228.00,NULL
109,488500,2140.00,NULL,NULL,NULL,NULL,381001.00,2423.00,3076.00
110,319238,NULL,NULL,NULL,NULL,499801.00,NULL,1585.00,NULL
111,342190,NULL,NULL,3601.00,1494.00,435698.00,NULL,NULL,NULL
112,202144,NULL,NULL,1435.00,NULL,NULL,NULL,2128.00,NULL
113,454144,NULL,466555.00,3241.00,1239.00,241578.00,NULL,NULL,3167.00
114,166723,3414.00,298208.00,NULL,NULL,298046.00,523295.00,3045.00,NULL
115,340785,NULL,NULL,NULL,NULL,484962.00,NULL,1141.00,NULL
116,192961,1506.00,NULL,1286.00,NULL,250472.00,NULL,NULL,NULL
117,265813,NULL,457773.00,1603.00,NULL,NULL,306493.00,3374.00,NULL
118,306599,1997.00,590796.00,1431.00,1124.00,NULL,130386.00,NULL,NULL
119,378485,1533.00,NULL,NULL,NULL,121417.00,NULL,NULL,2482.00
120,143962,NULL,NULL,3314.00,NULL,NULL,NULL,NULL,4609.00
121,301240,NULL,NULL,NULL,NULL,NULL,NULL,2541.00,4677.00
122,223735,NULL,NULL,NULL,1410.00,412987.00,NULL,NULL,3902.00
123,212285,NULL,554315.00,NULL,NULL,NULL,NULL,NULL,NULL
124,165515,2759.00,224326.00,2658.00,1268.00,NULL,NULL,NULL,4868.00
125,145638,NULL,301710.00,NULL,NULL,NULL,NULL,NULL,3313.00
126,260475,NULL,NULL,2895.00,1002.00,524558.00,NULL,NULL,NULL
127,203947,2255.00,NULL,3174.00,1211.00,355008.00,214557.00,2631.00,5024.00
128,446954,1199.00,NULL,1284.00,1433.00,117567.00,NULL,3030.00,NULL
129,149575,NULL,395856.00,3710.00,NULL,NULL,NULL,965.00,NULL
130,167493,NULL,442960.00,NULL,NULL,NULL,316581.00,NULL,NULL
131,415966,979.00,382821.00,3500.00,NULL,NULL,224122.00,NULL,NULL
132,316219,NULL,164548.00,NULL,NULL,516888.00,NULL,NULL,NULL
133,462912,NULL,383034.00,NULL,NULL,NULL,NULL,2553.00,2262.00
134,258308,905.00,271133.00,1325.00,NULL,NULL,534558.00,NULL,4631.00
135,331099,2533.00,NULL,NULL,NULL,182540.00,525240.00,NULL,NULL
136,249740,2384.00,335683.00,1414.00,NULL,248943.00,NULL,NULL,NULL
137,442069,2103.00,195596.00,NULL,NULL,320969.00,102336.00,NULL,NULL
138,176832,1119.00,492759.00,NULL,NULL,NULL,NULL,NULL,1723.00
139,339214,2649.00,NULL,NULL,NULL,400657.00,192787.00,NULL,NULL
140,116337,NULL,472917.00,NULL,1272.00,NULL,434503.00,NULL,NULL
141,275612,NULL,NULL,3793.00,NULL,106701.00,NULL,2902.00,NULL
142,387113,NULL,NULL,NULL,NULL,180845.00,NULL,NULL,1475.00
143,317841,NULL,200519.00,NULL,1308.00,93755.00,NULL,2699.00,NULL
144,138643,NULL,402386.00,1684.00,NULL,NULL,NULL,NULL,NULL
145,417181,1610.00,NULL,NULL,NULL,450004.00,NULL,3367.00,3563.00
146,158193,1091.00,509178.00,3168.00,NULL,NULL,115407.00,1036.00,3961.00
147,461888,NULL,125442.00,2857.00,NULL,483391.00,NULL,NULL,NULL
148,125596,NULL,NULL,938.00,NULL,NULL,235095.00,1755.00,NULL
149,159559,NULL,NULL,3146.00,1927.00,136656.00,NULL,NULL,5461.00
150,193573,NULL,NULL,NULL,1581.00,NULL,NULL,NULL,1496.00
151,198742,NULL,252991.00,NULL,NULL,NULL,NULL,2706.00,NULL
152,283318,NULL,NULL,856.00,NULL,424130.00,NULL,3488.00,NULL
153,128917,2221.00,382733.00,NULL,NULL,367254.00,NULL,1265.00,5165.00
154,174476,NULL,NULL,NULL,1925.00,NULL,405598.00,NULL,NULL
155,293718,NULL,198635.00,NULL,NULL,397715.00,NULL,3135.00,3333.00
156,96211,NULL,NULL,2296.00,1877.00,NULL,NULL,NULL,NULL
157,181790,2745.00,505630.00,NULL,NULL,571766.00,NULL,NULL,NULL
158,177252,NULL,NULL,NULL,NULL,NULL,532906.00,NULL,1643.00
159,318137,NULL,NULL,2945.00,NULL,514384.00,NULL,3265.00,NULL
160,200874,NULL,NULL,NULL,834.00,NULL,282606.00,2154.00,4225.00
161,478898,NULL,NULL,2582.00,1363.00,427031.00,NULL,NULL,NULL
162,290518,NULL,NULL,3946.00,NULL,NULL,NULL,NULL,4676.00
163,149313,2709.00,268933.00,NULL,1589.00,440794.00,NULL,NULL,3480.00
164,145097,NULL,NULL,NULL,NULL,457457.00,420397.00,NULL,NULL
165,138810,NULL,NULL,3960.00,NULL,NULL,484668.00,NULL,NULL
166,215790,NULL,NULL,NULL,NULL,NULL,NULL,2722.00,4764.00
167,194326,NULL,215131.00,801.00,NULL,NULL,NULL,NULL,NULL
168,404939,NULL,NULL,NULL,NULL,159527.00,NULL,3087.00,NULL
169,266908,2165.00,348525.00,1771.00,NULL,124254.00,139853.00,NULL,NULL
170,279219,NULL,NULL,NULL,1492.00,257246.00,402379.00,NULL,NULL
171,135642,NULL,104520.00,NULL,1149.00,597976.00,465739.00,NULL,3161.00
172,241521,NULL,NULL,NULL,NULL,NULL,NULL,1810.00,NULL
173,275973,2200.00,231733.00,NULL,NULL,403819.00,NULL,NULL,NULL
174,147850,2211.00,NULL,3646.00,781.00,NULL,NULL,NULL,1270.00
175,450710,NULL,NULL,NULL,730.00,480962.00,NULL,NULL,NULL
176,304005,2550.00,NULL,NULL,NULL,NULL,NULL,2719.00,NULL
177,118132,3180.00,NULL,NULL,1243.00,463498.00,NULL,NULL,2691.00
178,223579,1649.00,194669.00,2325.00,1460.00,NULL,NULL,NULL,NULL
179,393275,NULL,NULL,2248.00,NULL,NULL,473125.00,2898.00,NULL
180,309721,3343.00,NULL,NULL,736.00,NULL,269215.00,1236.00,5340.00
181,326520,NULL,NULL,1767.00,1178.00,379924.00,NULL,2442.00,NULL
182,145619,NULL,NULL,NULL,1757.00,NULL,NULL,2022.00,NULL
183,126249,1302.00,NULL,2839.00,916.00,NULL,NULL,NULL,NULL
184,361455,NULL,595840.00,3886.00,1262.00,NULL,258136.00,1468.00,NULL
185,209105,NULL,378756.00,NULL,NULL,NULL,515083.00,3380.00,NULL
186,218049,1937.00,NULL,1794.00,NULL,NULL,NULL,NULL,NULL
187,430736,1334.00,NULL,1217.00,1728.00,293747.00,301576.00,NULL,NULL
188,288228,3011.00,576784.00,3010.00,1842.00,114863.00,NULL,NULL,3688.00
189,447023,NULL,241061.00,NULL,1647.00,270098.00,NULL,1304.00,NULL
190,429445,NULL,NULL,NULL,NULL,NULL,219525.00,NULL,1849.00
191,351183,NULL,NULL,1503.00,NULL,140642.00,NULL,2373.00,1737.00
192,366831,3366.00,NULL,3538.00,NULL,NULL,517502.00,NULL,NULL
193,156539,1316.00,NULL,1394.00,NULL,NULL,NULL,2593.00,NULL
194,359668,3231.00,NULL,3481.00,1618.00,NULL,NULL,NULL,NULL
195,317546,3263.00,NULL,1998.00,1281.00,508881.00,NULL,NULL,NULL
196,296587,1115.00,559885.00,NULL,NULL,NULL,NULL,NULL,NULL
197,391578,NULL,NULL,NULL,NULL,NULL,NULL,NULL,NULL
198,159742,NULL,590122.00,NULL,NULL,345997.00,NULL,NULL,NULL
199,340645,NULL,NULL,NULL,NULL,NULL,NULL,NULL,4361.00
200,242849,NULL,545539.00,NULL,NULL,NULL,NULL,3179.00,NULL
201,189490,2987.00,435105.00,NULL,NULL,NULL,264425.00,1667.00,4654.00
202,331843,NULL,NULL,3276.00,NULL,NULL,218930.00,2618.00,5247.00
203,169452,NULL,NULL,NULL,NULL,NULL,NULL,NULL,NULL
204,418709,NULL,NULL,NULL,1347.00,217170.00,NULL,3036.00,NULL
205,148397,NULL,473211.00,3456.00,NULL,NULL,149843.00,NULL,NULL
206,209738,NULL,230360.00,NULL,1940.00,455614.00,NULL,2138.00,NULL
207,150922,NULL,NULL,NULL,1143.00,NULL,NULL,NULL,4561.00
208,454189,NULL,NULL,NULL,NULL,NULL,NULL,NULL,NULL
209,351267,NULL,517496.00,NULL,902.00,NULL,NULL,1781.00,4353.00
210,116661,NULL,398653.00,NULL,NULL,NULL,142040.00,3068.00,NULL
211,199368,NULL,NULL,NULL,NULL,NULL,431711.00,2493.00,NULL
212,359132,3016.00,NULL,1065.00,1477.00,183427.00,NULL,2678.00,NULL
213,156802,NULL,NULL,3325.00,1195.00,NULL,383681.00,NULL,NULL
214,144898,NULL,NULL,NULL,NULL,NULL,469662.00,NULL,2334.00
215,114293,NULL,NULL,NULL,NULL,NULL,NULL,2350.00,NULL
216,491706,2793.00,573922.00,NULL,930.00,281194.00,NULL,NULL,NULL
217,284832,2316.00,509369.00,3239.00,NULL,NULL,NULL,2411.00,NULL
218,99286,NULL,NULL,NULL,1122.00,NULL,298453.00,NULL,NULL
219,97571,3180.00,NULL,NULL,NULL,276818.00,NULL,1759.00,NULL
220,210942,NULL,NULL,NULL,NULL,NULL,533284.00,NULL,4914.00
221,492222,NULL,NULL,2502.00,835.00,537619.00,NULL,2296.00,2051.00
222,156772,2143.00,NULL,NULL,NULL,251438.00,NULL,2363.00,NULL
223,240076,NULL,239924.00,NULL,1252.00,NULL,NULL,NULL,NULL
224,175044,NULL,548694.00,2806.00,NULL,405433.00,411988.00,1456.00,3791.00
225,440711,1211.00,438088.00,NULL,NULL,NULL,NULL,NULL,NULL
226,300226,NULL,190240.00,NULL,NULL,187973.00,283766.00,NULL,NULL
227,332739,1456.00,NULL,NULL,NULL,NULL,NULL,NULL,3678.00
228,479745,NULL,120497.00,2689.00,1236.00,NULL,454901.00,2403.00,3997.00
229,201737,NULL,NULL,NULL,1418.00,323978.00,194259.00,2535.00,NULL
230,457956,2137.00,168496.00,NULL,NULL,309983.00,NULL,NULL,3668.00
231,99471,NULL,394385.00,NULL,NULL,NULL,NULL,NULL,NULL
232,317924,NULL,369727.00,NULL,NULL,NULL,429564.00,NULL,NULL
233,155741,NULL,398750.00,1204.00,1876.00,NULL,389846.00,NULL,NULL
234,169217,2266.00,NULL,3199.00,NULL,179786.00,NULL,2325.00,2908.00
235,97406,NULL,NULL,1968.00,NULL,581115.00,NULL,1817.00,4851.00
236,359226,NULL,NULL,NULL,1713.00,NULL,NULL,NULL,NULL
237,292528,1413.00,NULL,3010.00,801.00,131810.00,401820.00,NULL,NULL
238,479535,NULL,NULL,1130.00,NULL,489120.00,NULL,2677.00,NULL
239,289498,1095.00,NULL,1815.00,964.00,NULL,NULL,NULL,NULL
240,406152,1433.00,NULL,1957.00,NULL,NULL,NULL,2731.00,NULL
241,466660,NULL,NULL,NULL,1133.00,370886.00,104927.00,3490.00,1371.00
242,109814,NULL,NULL,NULL,NULL,NULL,NULL,2997.00,NULL
243,325244,1534.00,473392.00,1616.00,NULL,109742.00,420650.00,NULL,5240.00
244,166204,NULL,NULL,2547.00,1680.00,216785.00,NULL,NULL,2278.00
245,277972,932.00,NULL,NULL,NULL,452338.00,NULL,NULL,1569.00
246,136334,NULL,NULL,NULL,1029.00,295661.00,NULL,3370.00,NULL
247,160010,2529.00,NULL,NULL,NULL,NULL,NULL,985.00,2590.00
248,166584,2015.00,NULL,NULL,NULL,95117.00,NULL,1035.00,NULL
249,429738,NULL,158671.00,NULL,1122.00,115352.00,NULL,NULL,3365.00
250,372521,NULL,NULL,1121.00,NULL,276128.00,504477.00,1282.00,NULL
251,101906,1077.00,433437.00,NULL,926.00,584524.00,NULL,2452.00,NULL
252,471642,3354.00,134335.00,NULL,NULL,NULL,421132.00,NULL,5087.00
253,240684,NULL,NULL,NULL,NULL,429699.00,NULL,NULL,NULL
254,215122,NULL,394487.00,NULL,NULL,NULL,321668.00,941.00,3493.00
255,155398,NULL,305407.00,NULL,1550.00,NULL,NULL,2410.00,NULL
256,438392,NULL,NULL,NULL,1260.00,446834.00,496723.00,NULL,NULL
257,455748,NULL,NULL,NULL,NULL,229481.00,247197.00,NULL,NULL
258,293575,3439.00,NULL,NULL,764.00,NULL,NULL,NULL,2366.00
259,276075,1939.00,NULL,3778.00,1170.00,NULL,NULL,NULL,4031.00
260,339821,NULL,217062.00,NULL,NULL,387121.00,320978.00,2767.00,3703.00
261,315795,3442.00,350961.00,NULL,NULL,NULL,NULL,NULL,NULL
262,342478,NULL,221388.00,NULL,NULL,NULL,474974.00,1157.00,1341.00
263,308630,1367.00,NULL,2257.00,1142.00,524971.00,NULL,2532.00,NULL
264,406767,NULL,220586.00,NULL,774.00,NULL,213284.00,2558.00,NULL
265,240969,NULL,NULL,2989.00,923.00,NULL,NULL,NULL,NULL
266,327010,1629.00,NULL,NULL,1842.00,NULL,268499.00,NULL,NULL
267,467959,NULL,NULL,NULL,NULL,NULL,251492.00,1358.00,NULL
268,323393,NULL,452274.00,NULL,NULL,NULL,295826.00,NULL,NULL
269,219102,2392.00,NULL,NULL,NULL,361606.00,NULL,NULL,NULL
270,223743,NULL,NULL,NULL,NULL,NULL,NULL,NULL,NULL
271,385337,NULL,NULL,NULL,NULL,491318.00,NULL,2208.00,NULL
272,368395,3006.00,NULL,NULL,1154.00,NULL,NULL,NULL,NULL
273,183448,NULL,302531.00,NULL,1829.00,NULL,177898.00,1239.00,5243.00
274,288333,NULL,579415.00,NULL,1256.00,180320.00,223725.00,NULL,1887.00
275,394372,2340.00,NULL,3895.00,1039.00,NULL,356131.00,NULL,NULL
276,265277,NULL,NULL,NULL,NULL,NULL,176806.00,NULL,1301.00
277,110862,1224.00,201652.00,NULL,NULL,NULL,NULL,1219.00,NULL
278,114940,NULL,197889.00,2946.00,NULL,507173.00,NULL,NULL,NULL
279,394830,NULL,NULL,NULL,982.00,542135.00,433878.00,2722.00,NULL
280,236073,1073.00,NULL,NULL,1125.00,NULL,NULL,NULL,NULL
281,399729,3216.00,525285.00,2950.00,NULL,NULL,515261.00,NULL,NULL
282,284713,NULL,NULL,2937.00,NULL,NULL,NULL,NULL,NULL
283,364871,2298.00,226286.00,3141.00,NULL,NULL,NULL,NULL,3337.00
284,99368,1871.00,NULL,NULL,NULL,116780.00,NULL,NULL,NULL
285,143466,NULL,257793.00,2657.00,NULL,NULL,NULL,1225.00,5367.00
286,468863,2500.00,NULL,3824.00,836.00,NULL,NULL,NULL,NULL
287,294701,NULL,NULL,NULL,NULL,177540.00,NULL,3369.00,NULL
288,224128,3180.00,143158.00,NULL,NULL,552356.00,NULL,NULL,NULL
289,228397,NULL,NULL,2161.00,1498.00,507194.00,NULL,NULL,NULL
290,197651,1695.00,486908.00,NULL,NULL,248944.00,543362.00,2390.00,1638.00
291,150749,NULL,NULL,NULL,912.00,NULL,277951.00,2553.00,4716.00
292,129575,NULL,493595.00,3299.00,1196.00,NULL,273353.00,NULL,NULL
293,134359,2451.00,NULL,NULL,NULL,NULL,NULL,NULL,NULL
294,377348,NULL,195793.00,NULL,NULL,NULL,NULL,NULL,NULL
295,498970,NULL,274663.00,NULL,NULL,NULL,NULL,1712.00,NULL
296,172998,NULL,NULL,NULL,NULL,NULL,NULL,NULL,NULL
297,454412,NULL,535053.00,3279.00,903.00,520560.00,324270.00,1051.00,NULL
298,190661,NULL,NULL,1367.00,NULL,494443.00,504793.00,NULL,NULL
299,374145,NULL,328547.00,2441.00,1601.00,158837.00,NULL,NULL,1437.00
300,299141,1480.00,485693.00,NULL,NULL,181129.00,NULL,NULL,NULL
301,242803,NULL,NULL,3729.00,NULL,408816.00,NULL,2166.00,3021.00
302,460790,NULL,NULL,NULL,1870.00,NULL,460502.00,2637.00,NULL
303,182311,NULL,NULL,NULL,1677.00,NULL,NULL,NULL,5118.00
304,401727,NULL,NULL,1886.00,NULL,NULL,533957.00,NULL,4905.00
305,369598,NULL,NULL,1289.00,NULL,NULL,NULL,NULL,NULL
306,146395,804.00,NULL,2550.00,1092.00,472970.00,NULL,2216.00,2563.00
307,157005,3121.00,NULL,1042.00,NULL,NULL,NULL,NULL,NULL
308,188249,2853.00,325334.00,3917.00,NULL,NULL,NULL,1259.00,NULL
309,316653,1504.00,NULL,NULL,1922.00,NULL,201798.00,2327.00,NULL
310,233498,NULL,NULL,NULL,NULL,NULL,278262.00,NULL,4729.00
311,182243,1362.00,NULL,NULL,1005.00,NULL,NULL,1021.00,NULL
312,127294,NULL,441600.00,893.00,1999.00,NULL,438871.00,NULL,4661.00
313,404193,3217.00,125790.00,3565.00,NULL,590853.00,NULL,2444.00,NULL
314,108268,NULL,NULL,NULL,NULL,406389.00,237877.00,1207.00,NULL
315,308606,NULL,NULL,804.00,1941.00,NULL,NULL,2265.00,1969.00
316,172572,1308.00,NULL,NULL,NULL,163399.00,NULL,NULL,NULL
317,91188,NULL,184786.00,3898.00,NULL,NULL,156735.00,2314.00,3363.00
318,489977,NULL,327536.00,1133.00,NULL,NULL,NULL,NULL,3557.00
319,190701,NULL,277387.00,NULL,1759.00,NULL,NULL,NULL,1498.00
320,223149,NULL,468361.00,NULL,1356.00,NULL,NULL,NULL,NULL
321,203333,NULL,NULL,3266.00,1293.00,NULL,NULL,NULL,5479.00
322,261685,NULL,NULL,NULL,1119.00,383158.00,NULL,NULL,NULL
323,298314,1723.00,NULL,1371.00,NULL,328336.00,NULL,2606.00,NULL
324,434036,NULL,NULL,NULL,1412.00,NULL,NULL,1614.00,NULL
325,346012,NULL,NULL,1327.00,1325.00,196824.00,425421.00,NULL,NULL
326,407708,3334.00,NULL,2710.00,1421.00,101195.00,NULL,2844.00,2899.00
327,311811,1860.00,NULL,1074.00,NULL,NULL,458756.00,NULL,3523.00
328,316716,NULL,NULL,1226.00,NULL,342322.00,NULL,NULL,3138.00
329,180532,NULL,NULL,3773.00,1503.00,NULL,NULL,NULL,NULL
330,434843,2552.00,NULL,NULL,NULL,226612.00,NULL,2377.00,NULL
331,227643,NULL,425617.00,3423.00,NULL,NULL,437398.00,3273.00,1459.00
332,154980,1452.00,NULL,NULL,NULL,NULL,274708.00,NULL,5298.00
333,150381,1857.00,NULL,2199.00,NULL,271299.00,227576.00,1206.00,1243.00
334,335730,NULL,NULL,NULL,1358.00,NULL,NULL,NULL,NULL
335,381325,NULL,461977.00,NULL,1549.00,NULL,NULL,NULL,5009.00
336,210420,2438.00,265507.00,NULL,NULL,NULL,NULL,NULL,1622.00
337,97514,NULL,NULL,3343.00,NULL,NULL,426851.00,2547.00,NULL
338,108100,NULL,387989.00,NULL,NULL,NULL,NULL,1662.00,NULL
339,469386,NULL,NULL,NULL,734.00,NULL,409947.00,1349.00,4909.00
340,466293,1836.00,NULL,NULL,NULL,NULL,NULL,NULL,NULL
341,481024,NULL,NULL,NULL,1835.00,NULL,462910.00,NULL,NULL
342,315649,1281.00,305518.00,NULL,NULL,NULL,NULL,NULL,NULL
343,390865,NULL,NULL,3908.00,NULL,593371.00,NULL,3437.00,NULL
344,284248,NULL,462676.00,NULL,1896.00,NULL,384447.00,1920.00,NULL
345,327260,2504.00,NULL,NULL,1455.00,150114.00,NULL,2479.00,NULL
346,282449,NULL,NULL,1505.00,1327.00,453732.00,NULL,NULL,4451.00
347,303365,3056.00,535042.00,NULL,NULL,NULL,233565.00,3110.00,NULL
348,497046,NULL,NULL,2889.00,NULL,NULL,NULL,3088.00,NULL
349,267812,NULL,NULL,NULL,NULL,447607.00,101248.00,NULL,NULL
350,112753,NULL,128389.00,3805.00,942.00,NULL,NULL,1354.00,3117.00
351,263432,2707.00,155567.00,NULL,1186.00,263188.00,NULL,2082.00,NULL
352,252218,NULL,534027.00,2164.00,NULL,468292.00,173370.00,NULL,NULL
353,262758,NULL,452942.00,NULL,1703.00,NULL,NULL,NULL,NULL
354,261281,3368.00,181126.00,2621.00,1194.00,207926.00,NULL,NULL,NULL
355,172735,NULL,NULL,NULL,NULL,NULL,251642.00,3193.00,1206.00
356,415635,2892.00,NULL,1014.00,1825.00,262377.00,NULL,NULL,4449.00
357,236181,3369.00,NULL,NULL,NULL,NULL,NULL,941.00,NULL
358,409703,1240.00,NULL,1712.00,NULL,451969.00,NULL,NULL,NULL
359,370379,NULL,174531.00,NULL,1765.00,308974.00,259533.00,NULL,3030.00
360,440229,2011.00,NULL,3455.00,NULL,NULL,NULL,3468.00,NULL
361,98275,NULL,NULL,2276.00,NULL,NULL,NULL,NULL,NULL
362,464548,NULL,413001.00,3981.00,NULL,NULL,NULL,NULL,NULL
363,106428,NULL,545310.00,NULL,NULL,NULL,515343.00,NULL,NULL
364,316132,1939.00,NULL,1177.00,NULL,454680.00,NULL,2943.00,NULL
365,233422,NULL,NULL,1056.00,NULL,150800.00,NULL,NULL,NULL
366,434475,NULL,NULL,NULL,1353.00,471604.00,NULL,2158.00,1794.00
367,423868,1956.00,NULL,NULL,1890.00,NULL,NULL,2733.00,3536.00
368,156539,NULL,NULL,NULL,1942.00,NULL,NULL,NULL,4798.00
369,450327,3283.00,158270.00,NULL,1903.00,270882.00,NULL,2727.00,NULL
370,391547,NULL,543613.00,2936.00,NULL,515703.00,NULL,1886.00,NULL
371,197861,2294.00,538762.00,3187.00,1917.00,528621.00,NULL,3097.00,NULL
372,258710,NULL,NULL,NULL,NULL,528838.00,NULL,NULL,NULL
373,243078,2489.00,NULL,NULL,988.00,NULL,NULL,NULL,4692.00
374,271784,NULL,NULL,NULL,NULL,575985.00,335364.00,NULL,NULL
375,283568,1343.00,NULL,1668.00,1523.00,NULL,NULL,NULL,NULL
376,422021,NULL,NULL,NULL,NULL,457043.00,319592.00,2223.00,1343.00
377,152674,1388.00,NULL,NULL,NULL,NULL,170067.00,NULL,4401.00
378,144272,NULL,573723.00,1245.00,1084.00,567739.00,NULL,3098.00,5422.00
379,394963,NULL,NULL,NULL,NULL,326512.00,251362.00,2913.00,NULL
380,334300,NULL,NULL,834.00,1649.00,362749.00,130799.00,NULL,NULL
381,160707,NULL,111932.00,NULL,1068.00,385063.00,NULL,NULL,1294.00
382,229173,NULL,NULL,NULL,NULL,377439.00,NULL,1145.00,NULL
383,402099,NULL,NULL,1556.00,NULL,NULL,NULL,3415.00,4955.00
384,195142,NULL,NULL,NULL,1394.00,NULL,NULL,NULL,NULL
385,407218,NULL,NULL,NULL,NULL,NULL,NULL,1724.00,NULL
386,352076,2110.00,NULL,NULL,NULL,NULL,NULL,NULL,NULL
387,259584,1619.00,NULL,NULL,NULL,260839.00,NULL,NULL,1725.00
388,138390,NULL,NULL,2236.00,1195.00,NULL,NULL,NULL,5163.00
389,442618,NULL,415597.00,2397.00,NULL,NULL,435523.00,905.00,NULL
390,491922,NULL,NULL,NULL,NULL,NULL,527015.00,1020.00,5022.00
391,220328,1428.00,NULL,1961.00,NULL,NULL,NULL,3285.00,NULL
392,467742,2724.00,NULL,NULL,NULL,473920.00,NULL,NULL,4466.00
393,238795,NULL,NULL,NULL,794.00,NULL,NULL,1361.00,NULL
394,478287,864.00,513569.00,NULL,NULL,146718.00,501474.00,NULL,NULL
395,333969,2525.00,108692.00,3911.00,715.00,NULL,308581.00,3078.00,1107.00
396,246275,NULL,143719.00,NULL,1773.00,NULL,NULL,NULL,NULL
397,468481,1696.00,577152.00,NULL,NULL,NULL,NULL,NULL,NULL
398,356473,NULL,NULL,1560.00,1915.00,NULL,NULL,NULL,2813.00
399,177682,NULL,509402.00,NULL,NULL,NULL,375189.00,NULL,NULL
400,129629,NULL,NULL,3446.00,NULL,NULL,277231.00,NULL,4082.00
401,266962,1328.00,105435.00,NULL,1733.00,NULL,NULL,NULL,NULL
402,246366,1138.00,NULL,NULL,1566.00,121148.00,388258.00,NULL,NULL
403,115812,NULL,NULL,NULL,1889.00,NULL,NULL,NULL,NULL
404,339383,1899.00,594842.00,NULL,NULL,500363.00,NULL,NULL,NULL
405,271822,NULL,416351.00,NULL,NULL,NULL,NULL,2044.00,5034.00
406,279950,NULL,166851.00,2806.00,NULL,505390.00,NULL,NULL,4693.00
407,483314,NULL,382045.00,NULL,NULL,NULL,NULL,1751.00,2634.00
408,207814,NULL,183758.00,NULL,NULL,NULL,NULL,NULL,5053.00
409,367553,NULL,435601.00,NULL,NULL,296510.00,NULL,2866.00,4353.00
410,494140,NULL,NULL,NULL,1993.00,334027.00,NULL,2565.00,2510.00
411,228164,NULL,NULL,NULL,NULL,NULL,NULL,NULL,NULL
412,497077,NULL,458914.00,NULL,NULL,NULL,NULL,2982.00,NULL
413,203919,NULL,NULL,2002.00,NULL,548877.00,NULL,2057.00,NULL
414,439385,2477.00,540923.00,2243.00,NULL,500024.00,358071.00,3316.00,2147.00
415,468009,2922.00,NULL,NULL,802.00,577209.00,466342.00,NULL,2622.00
416,105355,NULL,NULL,NULL,1940.00,NULL,NULL,NULL,NULL
417,225970,NULL,314339.00,1467.00,NULL,417927.00,412916.00,NULL,NULL
418,212664,NULL,NULL,1728.00,1880.00,383195.00,NULL,1586.00,5074.00
419,205727,3277.00,499214.00,NULL,NULL,NULL,281017.00,1261.00,NULL
420,476623,NULL,NULL,NULL,1127.00,NULL,NULL,NULL,NULL
421,289752,NULL,162272.00,2532.00,1811.00,473342.00,NULL,NULL,NULL
422,410254,3162.00,NULL,NULL,1853.00,NULL,NULL,3267.00,NULL
423,273357,2768.00,198432.00,3937.00,NULL,NULL,NULL,NULL,NULL
424,329792,3383.00,NULL,NULL,NULL,558652.00,NULL,NULL,1544.00
425,296126,NULL,NULL,NULL,NULL,582113.00,NULL,NULL,NULL
426,209016,NULL,NULL,NULL,NULL,NULL,NULL,NULL,NULL
427,301825,NULL,345647.00,2499.00,NULL,199627.00,479764.00,2172.00,2223.00
428,200358,NULL,NULL,2506.00,NULL,140275.00,309492.00,1348.00,NULL
429,385500,NULL,341091.00,NULL,NULL,184361.00,NULL,936.00,NULL
430,302442,2148.00,NULL,2855.00,1703.00,102832.00,357058.00,1391.00,NULL
431,281497,NULL,NULL,3172.00,NULL,163127.00,NULL,3338.00,4582.00
432,259174,NULL,NULL,NULL,NULL,NULL,NULL,985.00,1405.00
433,381633,NULL,NULL,936.00,967.00,105415.00,NULL,1944.00,NULL
434,379262,NULL,NULL,3021.00,NULL,NULL,174899.00,NULL,NULL
435,279369,NULL,587214.00,NULL,NULL,NULL,540444.00,2585.00,NULL
436,240437,2585.00,NULL,NULL,NULL,NULL,181605.00,3285.00,NULL
437,148709,NULL,NULL,3220.00,925.00,NULL,NULL,NULL,NULL
438,171333,1703.00,NULL,NULL,NULL,NULL,NULL,NULL,3709.00
439,292994,3283.00,576920.00,3018.00,1113.00,NULL,362364.00,NULL,NULL
440,326111,NULL,252647.00,NULL,NULL,NULL,362261.00,NULL,4652.00
441,155507,NULL,NULL,2636.00,1112.00,238439.00,NULL,1374.00,NULL
442,101157,NULL,NULL,NULL,1671.00,459940.00,NULL,1924.00,4746.00
443,433839,NULL,NULL,NULL,1651.00,524387.00,NULL,1658.00,2162.00
444,471227,908.00,403864.00,NULL,NULL,NULL,NULL,NULL,NULL
445,140043,1277.00,NULL,1535.00,NULL,NULL,NULL,NULL,NULL
446,167069,2988.00,NULL,NULL,NULL,NULL,NULL,NULL,2004.00
447,222080,NULL,NULL,3894.00,1915.00,NULL,NULL,2461.00,NULL
448,173691,NULL,NULL,NULL,1702.00,NULL,446761.00,NULL,NULL
449,325391,NULL,NULL,3152.00,NULL,181732.00,NULL,NULL,2334.00
450,253003,NULL,NULL,2631.00,NULL,249928.00,NULL,2145.00,3758.00
451,428834,NULL,NULL,NULL,707.00,NULL,119073.00,3297.00,2281.00
452,383531,2749.00,NULL,1141.00,877.00,NULL,NULL,NULL,NULL
453,383620,NULL,NULL,NULL,NULL,NULL,513798.00,NULL,4039.00
454,151900,NULL,336065.00,NULL,1248.00,NULL,NULL,NULL,1731.00
455,146066,1609.00,NULL,2574.00,NULL,NULL,NULL,NULL,NULL
456,313141,1131.00,NULL,956.00,NULL,NULL,300314.00,NULL,NULL
457,356909,NULL,NULL,NULL,NULL,NULL,195505.00,2979.00,1419.00
458,303124,NULL,NULL,3277.00,NULL,NULL,NULL,NULL,1887.00
459,426474,1499.00,NULL,NULL,716.00,NULL,NULL,2809.00,2276.00
460,169201,3115.00,537407.00,2105.00,NULL,NULL,113877.00,NULL,5156.00
461,312043,2746.00,NULL,3274.00,NULL,NULL,133653.00,NULL,NULL
462,216242,1929.00,567666.00,2013.00,NULL,NULL,NULL,3383.00,NULL
463,145507,NULL,203813.00,NULL,NULL,595081.00,391387.00,1483.00,NULL
464,350538,NULL,NULL,NULL,NULL,NULL,NULL,NULL,NULL
465,401929,NULL,NULL,811.00,NULL,NULL,NULL,2540.00,NULL
466,328619,NULL,489158.00,NULL,NULL,287808.00,285216.00,2251.00,4972.00
467,215327,NULL,134070.00,2918.00,NULL,NULL,NULL,NULL,4007.00
468,310200,1038.00,137253.00,3517.00,1361.00,NULL,NULL,NULL,NULL
469,487307,NULL,NULL,NULL,NULL,254286.00,375262.00,NULL,4731.00
470,408464,3270.00,NULL,NULL,NULL,128177.00,NULL,NULL,NULL
471,199763,NULL,NULL,3648.00,920.00,NULL,NULL,NULL,NULL
472,248521,1798.00,366354.00,NULL,NULL,NULL,NULL,1908.00,NULL
473,150140,NULL,NULL,NULL,728.00,398932.00,329060.00,2567.00,2085.00
474,158055,NULL,NULL,NULL,NULL,442376.00,NULL,2306.00,NULL
475,194977,NULL,NULL,NULL,NULL,NULL,NULL,1930.00,NULL
476,388342,1354.00,NULL,NULL,NULL,316252.00,NULL,3002.00,4485.00
477,470151,NULL,NULL,NULL,1650.00,375875.00,NULL,NULL,NULL
478,265503,1985.00,NULL,1575.00,NULL,NULL,271045.00,2807.00,NULL
479,192367,NULL,572327.00,1184.00,NULL,NULL,279287.00,1058.00,NULL
480,93078,1626.00,NULL,NULL,NULL,577741.00,NULL,2043.00,NULL
481,295675,2195.00,278639.00,3645.00,NULL,259489.00,336653.00,2955.00,4110.00
482,181881,3298.00,NULL,NULL,1548.00,NULL,NULL,NULL,NULL
483,344765,3277.00,NULL,NULL,NULL,NULL,NULL,3144.00,NULL
484,371705,2895.00,322596.00,NULL,NULL,431994.00,230843.00,3309.00,NULL
485,372014,NULL,NULL,NULL,NULL,254454.00,NULL,NULL,5248.00
486,369254,1953.00,NULL,NULL,NULL,472700.00,NULL,2489.00,NULL
487,292583,NULL,NULL,NULL,709.00,NULL,NULL,2154.00,4510.00
488,268606,1896.00,102340.00,3829.00,NULL,NULL,NULL,NULL,1111.00
489,200451,NULL,NULL,NULL,1340.00,158601.00,524182.00,NULL,NULL
490,454873,NULL,NULL,NULL,NULL,NULL,NULL,1635.00,NULL
491,361531,2895.00,NULL,NULL,NULL,389535.00,NULL,1292.00,NULL
492,218980,2724.00,NULL,NULL,1818.00,432294.00,NULL,NULL,2355.00
493,120022,2941.00,NULL,NULL,NULL,265968.00,227742.00,3064.00,NULL
494,319380,2957.00,NULL,NULL,1898.00,327129.00,281577.00,2457.00,NULL
495,351753,2335.00,325080.00,NULL,NULL,358145.00,374398.00,1955.00,3698.00
496,297145,NULL,NULL,NULL,1880.00,NULL,NULL,NULL,NULL
497,425910,NULL,467128.00,NULL,1670.00,NULL,532260.00,NULL,2537.00
498,100237,1353.00,112481.00,1596.00,NULL,NULL,NULL,NULL,2955.00
499,325117,NULL,NULL,NULL,NULL,196733.00,NULL,NULL,NULL
500,368615,NULL,NULL,NULL,NULL,NULL,NULL,NULL,NULL
501,313899,NULL,NULL,3311.00,NULL,243542.00,NULL,NULL,NULL
502,346449,3216.00,455979.00,NULL,NULL,NULL,NULL,NULL,NULL
503,286864,NULL,NULL,NULL,NULL,229481.00,184950.00,NULL,4662.00
504,475778,NULL,465606.00,NULL,NULL,423584.00,503989.00,2729.00,NULL
505,119506,NULL,498978.00,NULL,1258.00,NULL,251488.00,2064.00,1771.00
506,390645,NULL,NULL,NULL,NULL,226102.00,NULL,NULL,3134.00
507,201775,818.00,505613.00,NULL,NULL,NULL,NULL,3409.00,2350.00
508,195932,NULL,NULL,NULL,NULL,NULL,NULL,NULL,NULL
509,311439,NULL,NULL,NULL,1648.00,NULL,390030.00,NULL,NULL
510,335545,2266.00,NULL,NULL,1601.00,NULL,287525.00,NULL,NULL
511,383657,2482.00,NULL,2206.00,1494.00,337831.00,164169.00,NULL,2255.00
512,100217,NULL,NULL,3411.00,NULL,NULL,NULL,2521.00,NULL
513,413640,NULL,NULL,NULL,NULL,223697.00,NULL,NULL,4398.00
514,320152,NULL,298398.00,NULL,NULL,NULL,172844.00,NULL,NULL
515,175063,NULL,277659.00,NULL,890.00,NULL,195446.00,NULL,NULL
516,115826,2891.00,NULL,2832.00,NULL,NULL,NULL,NULL,NULL
517,416426,2634.00,NULL,NULL,1969.00,497300.00,501819.00,NULL,NULL
518,264899,1997.00,230844.00,3272.00,760.00,NULL,NULL,2891.00,NULL
519,479007,NULL,194891.00,3309.00,NULL,NULL,506467.00,1540.00,NULL
520,452215,NULL,204520.00,NULL,1638.00,NULL,NULL,NULL,3189.00
521,112444,NULL,195896.00,3660.00,NULL,127070.00,188435.00,3073.00,NULL
522,357862,1556.00,573027.00,NULL,NULL,NULL,NULL,2175.00,NULL
523,256112,NULL,426899.00,2162.00,850.00,233556.00,NULL,NULL,2474.00
524,286532,NULL,NULL,NULL,747.00,NULL,NULL,NULL,NULL
525,352530,NULL,NULL,NULL,NULL,NULL,373517.00,NULL,NULL
526,262842,1237.00,NULL,NULL,NULL,NULL,NULL,NULL,NULL
527,142375,1469.00,NULL,NULL,NULL,NULL,310514.00,NULL,3583.00
528,248799,NULL,NULL,1101.00,NULL,NULL,NULL,NULL,NULL
529,197239,NULL,NULL,1010.00,NULL,252130.00,NULL,NULL,NULL
530,343256,NULL,NULL,1675.00,1190.00,NULL,NULL,NULL,1945.00
531,368205,2910.00,NULL,1738.00,NULL,357414.00,490218.00,1233.00,NULL
532,264778,NULL,NULL,NULL,NULL,NULL,NULL,NULL,2471.00
533,446211,NULL,NULL,1137.00,NULL,NULL,NULL,1585.00,2650.00
534,122872,NULL,NULL,3538.00,1587.00,NULL,365583.00,NULL,NULL
535,371951,1615.00,NULL,2310.00,NULL,363912.00,542403.00,NULL,1602.00
536,310008,2603.00,302967.00,NULL,NULL,328823.00,NULL,NULL,NULL
537,232023,NULL,159444.00,3802.00,1925.00,188180.00,NULL,2613.00,NULL
538,315594,1743.00,97202.00,3037.00,NULL,NULL,NULL,2222.00,4592.00
539,357381,NULL,531248.00,3688.00,NULL,287634.00,361364.00,NULL,NULL
540,194895,2625.00,175476.00,NULL,1833.00,346616.00,545577.00,NULL,NULL
541,351859,3301.00,NULL,NULL,NULL,NULL,NULL,NULL,NULL
542,413089,NULL,445493.00,NULL,NULL,NULL,96426.00,NULL,NULL
543,144982,NULL,531360.00,3076.00,NULL,116129.00,NULL,966.00,NULL
544,345214,NULL,496817.00,NULL,NULL,216931.00,NULL,NULL,NULL
545,265391,NULL,NULL,871.00,NULL,NULL,NULL,3057.00,NULL
546,306456,2682.00,NULL,1571.00,1637.00,399277.00,213355.00,2061.00,NULL
547,433724,884.00,337092.00,NULL,NULL,NULL,NULL,1472.00,2138.00
548,291507,1148.00,352104.00,2472.00,1080.00,NULL,NULL,3483.00,4722.00
549,232894,2420.00,537792.00,NULL,NULL,NULL,140549.00,NULL,NULL
550,456365,NULL,317270.00,3974.00,NULL,452764.00,503129.00,1864.00,NULL
551,148634,2204.00,NULL,824.00,NULL,NULL,337688.00,1584.00,NULL
552,102332,NULL,NULL,1994.00,NULL,NULL,393916.00,NULL,3525.00
553,220116,1799.00,468420.00,NULL,729.00,NULL,NULL,2662.00,NULL
554,374470,NULL,NULL,NULL,NULL,214456.00,281386.00,NULL,NULL
555,406374,3122.00,NULL,NULL,1553.00,225447.00,NULL,NULL,1338.00
556,315969,NULL,NULL,NULL,NULL,532992.00,292105.00,NULL,NULL
557,335757,962.00,NULL,3405.00,NULL,221484.00,NULL,1550.00,4122.00
558,401469,NULL,NULL,1647.00,759.00,NULL,NULL,1589.00,NULL
559,271255,NULL,501017.00,2025.00,NULL,NULL,NULL,2263.00,NULL
560,151144,NULL,NULL,NULL,1862.00,432427.00,436838.00,NULL,NULL
561,451316,NULL,NULL,NULL,NULL,NULL,183425.00,1055.00,2739.00
562,403551,NULL,576284.00,3187.00,NULL,184439.00,NULL,NULL,NULL
563,318936,NULL,NULL,2192.00,NULL,496253.00,NULL,2392.00,NULL
564,482345,NULL,570288.00,2255.00,NULL,334133.00,451708.00,NULL,NULL
565,119140,3336.00,528763.00,NULL,NULL,213547.00,NULL,NULL,3631.00
566,318656,NULL,249172.00,NULL,905.00,NULL,NULL,NULL,NULL
567,287220,NULL,NULL,NULL,NULL,NULL,105139.00,NULL,NULL
568,300377,2030.00,106901.00,NULL,823.00,NULL,NULL,NULL,3010.00
569,460170,1097.00,NULL,NULL,NULL,NULL,423443.00,975.00,2770.00
570,287351,2166.00,NULL,NULL,1567.00,456660.00,NULL,NULL,NULL
571,444818,NULL,NULL,NULL,NULL,NULL,NULL,NULL,NULL
572,270449,NULL,386134.00,NULL,849.00,NULL,NULL,1950.00,NULL
573,135217,NULL,346750.00,3997.00,NULL,550447.00,NULL,NULL,4027.00
574,313825,2293.00,NULL,NULL,1985.00,NULL,NULL,2780.00,NULL
575,222952,NULL,251772.00,NULL,NULL,258505.00,NULL,2318.00,1114.00
576,125562,NULL,450461.00,NULL,1017.00,NULL,456889.00,NULL,2790.00
577,328176,NULL,202949.00,1307.00,1646.00,578770.00,NULL,NULL,NULL
578,302575,NULL,NULL,NULL,1532.00,NULL,NULL,2213.00,NULL
579,414715,NULL,438173.00,NULL,1516.00,133570.00,109764.00,1981.00,3064.00
580,237764,1082.00,135826.00,NULL,1576.00,NULL,NULL,3204.00,2153.00
581,236442,NULL,NULL,NULL,NULL,100012.00,NULL,NULL,NULL
582,364366,NULL,NULL,1023.00,NULL,NULL,236494.00,2406.00,4575.00
583,376118,NULL,NULL,NULL,1306.00,NULL,NULL,NULL,4571.00
584,137854,NULL,130666.00,NULL,NULL,NULL,345836.00,2647.00,NULL
585,291452,3214.00,NULL,NULL,1624.00,NULL,222733.00,NULL,2727.00
586,298004,2854.00,NULL,2665.00,NULL,NULL,NULL,2220.00,3014.00
587,136310,975.00,294289.00,NULL,NULL,NULL,438097.00,1688.00,NULL
588,352946,1284.00,208451.00,NULL,880.00,NULL,148833.00,3167.00,NULL
589,142094,1494.00,NULL,NULL,NULL,199068.00,542825.00,922.00,1123.00
590,141006,NULL,586640.00,2382.00,NULL,579749.00,NULL,NULL,NULL
591,363915,1577.00,415409.00,NULL,1948.00,NULL,201220.00,2298.00,NULL
592,169416,NULL,NULL,NULL,1835.00,NULL,NULL,NULL,NULL
593,385471,NULL,337151.00,NULL,NULL,NULL,266794.00,2790.00,2980.00
594,128594,3431.00,148397.00,NULL,NULL,NULL,NULL,1430.00,2589.00
595,154584,NULL,NULL,3120.00,NULL,430636.00,NULL,3148.00,NULL
596,231957,NULL,211873.00,NULL,NULL,NULL,336756.00,NULL,NULL
597,257368,NULL,306043.00,2656.00,1171.00,NULL,398485.00,1827.00,NULL
598,482478,NULL,234226.00,NULL,NULL,NULL,449961.00,NULL,NULL
599,450872,1263.00,NULL,3211.00,1362.00,352738.00,393787.00,1463.00,NULL
600,90356,1500.00,NULL,NULL,NULL,NULL,NULL,1099.00,3549.00
601,178723,NULL,NULL,2465.00,1056.00,414440.00,NULL,NULL,NULL
602,466445,1639.00,NULL,NULL,NULL,NULL,NULL,NULL,NULL
603,313027,NULL,NULL,NULL,850.00,599319.00,354759.00,3058.00,NULL
604,331735,2030.00,314700.00,NULL,NULL,NULL,NULL,NULL,3499.00
605,262091,NULL,NULL,NULL,NULL,NULL,484576.00,1165.00,NULL
606,345449,NULL,NULL,3165.00,NULL,110130.00,NULL,2173.00,NULL
607,432855,3139.00,NULL,2009.00,NULL,NULL,NULL,3382.00,NULL
608,119584,NULL,NULL,2338.00,1965.00,NULL,185018.00,NULL,NULL
609,392298,3019.00,486782.00,NULL,NULL,NULL,503938.00,905.00,3584.00
610,392859,NULL,NULL,NULL,NULL,575301.00,199430.00,NULL,NULL
611,468766,1536.00,375879.00,NULL,NULL,NULL,NULL,NULL,NULL
612,260750,NULL,236799.00,NULL,1760.00,NULL,NULL,NULL,NULL
613,285865,NULL,NULL,NULL,NULL,NULL,NULL,3158.00,2926.00
614,369181,2494.00,289450.00,NULL,NULL,NULL,NULL,1310.00,2671.00
615,109244,2079.00,239739.00,NULL,NULL,NULL,329787.00,NULL,4722.00
616,424446,NULL,NULL,2507.00,NULL,462589.00,NULL,NULL,NULL
617,466707,2431.00,NULL,NULL,1707.00,171134.00,375395.00,963.00,NULL
618,146427,NULL,NULL,1632.00,NULL,300339.00,NULL,NULL,NULL
619,110949,1284.00,478069.00,NULL,NULL,NULL,517612.00,NULL,NULL
620,365258,NULL,NULL,NULL,NULL,162256.00,331719.00,NULL,NULL
621,211303,NULL,488810.00,3831.00,NULL,NULL,199530.00,NULL,2182.00
622,133929,NULL,NULL,NULL,763.00,110278.00,389920.00,NULL,1823.00
623,191755,1916.00,571416.00,1240.00,NULL,375494.00,NULL,NULL,NULL
624,185216,NULL,NULL,1322.00,1801.00,272006.00,NULL,1690.00,4771.00
625,191553,2459.00,NULL,NULL,NULL,NULL,NULL,NULL,NULL
626,393872,NULL,NULL,NULL,987.00,NULL,520932.00,2604.00,4580.00
627,333373,1158.00,NULL,3025.00,1238.00,NULL,387451.00,1436.00,1718.00
628,298862,1479.00,283476.00,NULL,1792.00,NULL,NULL,NULL,NULL
629,347309,2211.00,NULL,NULL,1289.00,NULL,NULL,NULL,NULL
630,185280,NULL,NULL,NULL,788.00,NULL,125204.00,2973.00,1106.00
631,92358,2894.00,NULL,NULL,952.00,NULL,NULL,1885.00,NULL
632,147046,NULL,321679.00,NULL,1056.00,447757.00,501918.00,NULL,NULL
633,498302,NULL,473547.00,NULL,NULL,NULL,250010.00,NULL,3917.00
634,273869,NULL,NULL,NULL,1605.00,NULL,NULL,NULL,NULL
635,305925,NULL,141202.00,NULL,NULL,NULL,NULL,1570.00,NULL
636,182982,NULL,NULL,NULL,1635.00,411772.00,288820.00,2465.00,3084.00
637,171584,1463.00,NULL,NULL,1632.00,NULL,NULL,2637.00,4115.00
638,284096,NULL,NULL,NULL,1322.00,NULL,NULL,1619.00,NULL
639,169134,NULL,NULL,NULL,NULL,NULL,NULL,1037.00,3943.00
640,174190,1034.00,NULL,NULL,NULL,475092.00,353156.00,NULL,5387.00
641,349197,NULL,419848.00,NULL,NULL,NULL,382418.00,NULL,5019.00
642,160171,NULL,NULL,1899.00,NULL,206198.00,NULL,NULL,4627.00
643,193423,NULL,455675.00,2424.00,NULL,315825.00,NULL,NULL,1585.00
644,160302,2579.00,NULL,2981.00,NULL,360311.00,NULL,1936.00,5432.00
645,395949,996.00,102876.00,NULL,1095.00,NULL,NULL,NULL,NULL
646,332230,NULL,NULL,2066.00,776.00,NULL,NULL,NULL,NULL
647,150869,1767.00,NULL,1065.00,NULL,NULL,NULL,2836.00,NULL
648,295965,NULL,NULL,1176.00,NULL,NULL,326301.00,1900.00,NULL
649,397471,NULL,142117.00,NULL,1315.00,NULL,NULL,NULL,NULL
650,277361,NULL,NULL,NULL,NULL,NULL,NULL,NULL,4046.00
651,190035,1589.00,NULL,953.00,1155.00,NULL,NULL,NULL,NULL
652,376874,NULL,NULL,NULL,1746.00,278073.00,349008.00,1752.00,2428.00
653,420675,NULL,550052.00,1059.00,981.00,NULL,162307.00,NULL,NULL
654,321577,NULL,NULL,NULL,NULL,NULL,NULL,NULL,NULL
655,301522,1666.00,NULL,1367.00,NULL,391807.00,NULL,NULL,NULL
656,170655,NULL,482548.00,NULL,NULL,NULL,127592.00,NULL,1882.00
657,173455,NULL,NULL,NULL,NULL,NULL,471307.00,NULL,NULL
658,267541,1570.00,557969.00,1638.00,1057.00,124059.00,NULL,NULL,5467.00
659,204493,NULL,562074.00,NULL,1251.00,155333.00,NULL,NULL,NULL
660,139671,1362.00,NULL,NULL,1663.00,145582.00,415903.00,NULL,NULL
661,416154,NULL,417113.00,NULL,NULL,NULL,423139.00,NULL,4782.00
662,483693,NULL,424390.00,2571.00,1620.00,NULL,NULL,1724.00,NULL
663,482672,992.00,231873.00,NULL,NULL,412324.00,451948.00,3231.00,NULL
664,422955,2852.00,NULL,3957.00,NULL,369296.00,NULL,NULL,4107.00
665,169401,2950.00,262965.00,NULL,NULL,NULL,NULL,NULL,5359.00
666,308886,1036.00,NULL,NULL,979.00,148410.00,NULL,NULL,5088.00
667,352915,2768.00,98499.00,3087.00,NULL,NULL,NULL,NULL,NULL
668,103878,1058.00,NULL,NULL,NULL,126789.00,304749.00,NULL,2625.00
669,450167,1326.00,NULL,2848.00,1477.00,200337.00,NULL,1801.00,NULL
670,130019,NULL,NULL,NULL,NULL,554890.00,NULL,NULL,NULL
671,346240,NULL,NULL,2948.00,NULL,NULL,NULL,1796.00,2812.00
672,149171,NULL,130562.00,1598.00,NULL,NULL,384954.00,NULL,NULL
673,407738,NULL,125400.00,NULL,1764.00,NULL,402645.00,NULL,NULL
674,378974,NULL,NULL,NULL,1411.00,NULL,NULL,NULL,NULL
675,429885,NULL,261570.00,2279.00,NULL,NULL,NULL,2950.00,NULL
676,268500,904.00,NULL,2884.00,NULL,NULL,358127.00,NULL,3196.00
677,115999,2599.00,NULL,NULL,1795.00,NULL,533282.00,2589.00,5120.00
678,163216,NULL,327569.00,NULL,NULL,NULL,204246.00,3115.00,2019.00
679,356121,NULL,397591.00,1266.00,NULL,NULL,421848.00,NULL,NULL
680,477584,2852.00,NULL,NULL,NULL,NULL,479052.00,NULL,3074.00
681,456177,2709.00,NULL,NULL,NULL,NULL,NULL,NULL,NULL
682,398588,NULL,153761.00,NULL,1319.00,132990.00,199540.00,3335.00,4124.00
683,259842,2210.00,270672.00,NULL,1285.00,NULL,NULL,1702.00,NULL
684,162852,NULL,NULL,1003.00,711.00,NULL,NULL,NULL,NULL
685,198655,NULL,NULL,NULL,NULL,220959.00,191681.00,NULL,NULL
686,434790,1017.00,379297.00,NULL,NULL,507654.00,NULL,NULL,NULL
687,331846,3054.00,228105.00,NULL,1735.00,NULL,NULL,NULL,NULL
688,370498,NULL,NULL,NULL,NULL,NULL,NULL,NULL,NULL
689,101285,NULL,NULL,NULL,723.00,NULL,177454.00,3099.00,NULL
690,99651,2140.00,NULL,1479.00,NULL,NULL,NULL,NULL,3221.00
691,238199,1205.00,578176.00,NULL,NULL,474435.00,NULL,3002.00,5242.00
692,387852,NULL,NULL,NULL,NULL,162927.00,NULL,NULL,3665.00
693,455877,1552.00,149280.00,NULL,NULL,NULL,NULL,NULL,2845.00
694,249991,NULL,NULL,NULL,NULL,573417.00,250393.00,NULL,NULL
695,392005,NULL,518026.00,NULL,1936.00,436883.00,NULL,NULL,NULL
696,249426,3263.00,422382.00,NULL,NULL,106131.00,NULL,NULL,NULL
697,150455,NULL,498079.00,NULL,NULL,NULL,185669.00,2460.00,5323.00
698,162548,NULL,534247.00,NULL,NULL,NULL,NULL,NULL,5486.00
699,432824,NULL,570770.00,NULL,NULL,NULL,NULL,1449.00,NULL
700,382357,2949.00,286713.00,NULL,NULL,NULL,NULL,3331.00,NULL
701,189897,NULL,NULL,NULL,949.00,NULL,NULL,NULL,2774.00
702,195567,3127.00,NULL,2510.00,NULL,NULL,NULL,NULL,NULL
703,112773,1820.00,NULL,NULL,NULL,NULL,396947.00,NULL,NULL
704,238473,NULL,415444.00,2724.00,NULL,NULL,525975.00,NULL,2014.00
705,293006,NULL,NULL,NULL,NULL,NULL,NULL,NULL,2933.00
706,289732,2920.00,163612.00,3810.00,1755.00,133967.00,NULL,NULL,3363.00
707,385257,3221.00,NULL,1314.00,1205.00,NULL,NULL,NULL,NULL
708,120287,NULL,NULL,3099.00,NULL,NULL,NULL,NULL,NULL
709,148549,NULL,530949.00,NULL,NULL,207469.00,NULL,NULL,NULL
710,238228,2771.00,NULL,NULL,1509.00,404794.00,NULL,3134.00,NULL
711,453872,NULL,NULL,NULL,NULL,NULL,260776.00,NULL,NULL
712,236879,NULL,401019.00,NULL,NULL,139206.00,NULL,1027.00,NULL
713,275000,3361.00,NULL,NULL,NULL,430922.00,NULL,NULL,3624.00
714,483063,2171.00,NULL,3600.00,NULL,NULL,281393.00,NULL,2981.00
715,288244,875.00,526630.00,NULL,NULL,NULL,292747.00,NULL,2334.00
716,389648,1351.00,NULL,NULL,1923.00,NULL,NULL,1910.00,NULL
717,306116,NULL,NULL,NULL,769.00,NULL,NULL,3097.00,NULL
718,178267,2653.00,NULL,NULL,1426.00,NULL,174156.00,NULL,NULL
719,119931,2879.00,NULL,1551.00,NULL,NULL,258438.00,NULL,4099.00
720,125443,2277.00,NULL,NULL,NULL,587719.00,NULL,NULL,2328.00
721,160640,NULL,NULL,2171.00,1390.00,515287.00,NULL,NULL,NULL
722,268366,2044.00,353088.00,NULL,NULL,236395.00,527838.00,3234.00,4168.00
723,234007,NULL,NULL,NULL,NULL,312966.00,98216.00,NULL,NULL
724,276120,2906.00,NULL,1942.00,NULL,NULL,146159.00,1354.00,5279.00
725,454014,NULL,NULL,1258.00,NULL,NULL,NULL,NULL,NULL
726,367729,NULL,406083.00,3257.00,NULL,NULL,NULL,NULL,4758.00
727,458605,2090.00,447204.00,NULL,NULL,NULL,NULL,NULL,5406.00
728,452986,NULL,NULL,1483.00,NULL,NULL,NULL,NULL,3394.00
729,176564,2970.00,NULL,NULL,NULL,NULL,NULL,NULL,NULL
730,217541,NULL,NULL,2459.00,739.00,248056.00,NULL,NULL,NULL
731,126841,3080.00,466800.00,3578.00,NULL,NULL,NULL,NULL,NULL
732,389530,NULL,NULL,2900.00,NULL,362865.00,NULL,932.00,5395.00
733,246896,NULL,NULL,NULL,1049.00,NULL,NULL,NULL,1467.00
734,295691,NULL,114213.00,NULL,1577.00,NULL,434193.00,NULL,5149.00
735,346532,NULL,339412.00,NULL,1533.00,548521.00,NULL,2673.00,4976.00
736,458817,2897.00,NULL,1245.00,NULL,113317.00,461790.00,2196.00,NULL
737,471421,NULL,NULL,NULL,1858.00,NULL,172400.00,NULL,5467.00
738,404266,1936.00,NULL,NULL,NULL,NULL,NULL,2596.00,NULL
739,439436,NULL,221189.00,NULL,NULL,NULL,118754.00,NULL,3274.00
740,318247,1179.00,NULL,NULL,NULL,234428.00,NULL,NULL,NULL
741,186510,NULL,NULL,NULL,NULL,528589.00,NULL,NULL,5108.00
742,174648,1531.00,NULL,NULL,1282.00,NULL,NULL,NULL,NULL
743,487121,941.00,NULL,NULL,NULL,399009.00,350769.00,NULL,NULL
744,467456,NULL,NULL,NULL,1429.00,NULL,NULL,NULL,NULL
745,224843,NULL,NULL,NULL,NULL,NULL,361433.00,1736.00,4425.00
746,260833,2380.00,188158.00,NULL,1969.00,NULL,350337.00,2544.00,NULL
747,256688,3166.00,NULL,NULL,NULL,NULL,NULL,1740.00,1175.00
748,156791,2475.00,NULL,NULL,NULL,594872.00,NULL,1521.00,4886.00
749,467213,NULL,NULL,1069.00,1708.00,NULL,NULL,1736.00,NULL
750,302547,NULL,NULL,NULL,707.00,NULL,NULL,3100.00,NULL
751,390264,2375.00,244399.00,1073.00,NULL,376368.00,NULL,NULL,2881.00
752,306726,NULL,NULL,NULL,NULL,300508.00,400871.00,3431.00,NULL
753,296431,1740.00,NULL,2828.00,NULL,122211.00,326455.00,NULL,4663.00
754,216234,1310.00,NULL,NULL,NULL,NULL,437610.00,NULL,4528.00
755,194578,1155.00,NULL,2895.00,NULL,NULL,NULL,3001.00,3337.00
756,208173,3491.00,194799.00,NULL,1075.00,NULL,NULL,NULL,2512.00
757,217938,2909.00,NULL,3117.00,NULL,110459.00,474569.00,2140.00,4797.00
758,219354,2060.00,461495.00,NULL,NULL,NULL,93008.00,NULL,NULL
759,90703,2551.00,NULL,NULL,1770.00,580707.00,NULL,3491.00,5208.00
760,259109,NULL,NULL,NULL,NULL,NULL,288122.00,2373.00,NULL
761,262977,1512.00,NULL,NULL,NULL,465337.00,351025.00,NULL,NULL
762,307387,NULL,NULL,NULL,1832.00,176894.00,243119.00,NULL,1330.00
763,182996,NULL,149468.00,1487.00,NULL,NULL,NULL,924.00,NULL
764,317795,NULL,242569.00,2000.00,NULL,269914.00,444727.00,NULL,2080.00
765,270174,1538.00,279108.00,NULL,1066.00,573499.00,NULL,1742.00,NULL
766,435984,NULL,NULL,NULL,NULL,NULL,NULL,3226.00,NULL
767,336504,NULL,NULL,1673.00,NULL,320780.00,NULL,2542.00,NULL
768,293352,NULL,235085.00,NULL,NULL,NULL,NULL,NULL,NULL
769,231260,2998.00,394955.00,NULL,NULL,244385.00,151518.00,1845.00,3872.00
770,387448,1476.00,329444.00,2803.00,NULL,588674.00,NULL,NULL,NULL
771,108800,NULL,528903.00,NULL,NULL,NULL,506949.00,NULL,1581.00
772,237926,NULL,NULL,NULL,1733.00,NULL,409387.00,2753.00,1313.00
773,395753,NULL,NULL,3875.00,NULL,NULL,NULL,NULL,NULL
774,164625,NULL,578113.00,NULL,1797.00,NULL,380564.00,1982.00,NULL
775,453851,NULL,342595.00,NULL,1157.00,396978.00,NULL,NULL,1288.00
776,415346,NULL,NULL,NULL,NULL,NULL,NULL,NULL,NULL
777,279117,1613.00,NULL,NULL,NULL,191008.00,NULL,2924.00,2357.00
778,446160,NULL,NULL,2037.00,NULL,NULL,NULL,NULL,1688.00
779,341549,NULL,NULL,1358.00,NULL,NULL,NULL,1447.00,4297.00
780,217097,3197.00,NULL,NULL,NULL,406494.00,132252.00,2686.00,NULL
781,378444,NULL,143865.00,826.00,NULL,NULL,NULL,NULL,4462.00
782,357247,NULL,NULL,NULL,NULL,NULL,NULL,2418.00,5011.00
783,490308,NULL,286652.00,1614.00,1399.00,NULL,511741.00,NULL,NULL
784,386516,NULL,NULL,1305.00,NULL,NULL,484526.00,NULL,3506.00
785,434600,NULL,567357.00,NULL,NULL,NULL,NULL,1615.00,NULL
786,112311,1013.00,302845.00,2989.00,1342.00,NULL,452835.00,NULL,2105.00
787,295322,1650.00,220270.00,2261.00,NULL,NULL,474499.00,NULL,5364.00
788,310817,NULL,96020.00,NULL,NULL,366061.00,NULL,NULL,NULL
789,346100,2826.00,150617.00,NULL,NULL,NULL,NULL,NULL,5230.00
790,345446,NULL,NULL,3208.00,754.00,419945.00,NULL,NULL,NULL
791,145440,NULL,NULL,NULL,NULL,NULL,275523.00,1379.00,NULL
792,130846,NULL,NULL,NULL,NULL,217759.00,NULL,NULL,NULL
793,223133,NULL,370716.00,NULL,1372.00,NULL,190495.00,NULL,2624.00
794,99452,NULL,220639.00,NULL,NULL,422817.00,NULL,2558.00,NULL
795,237211,NULL,NULL,3632.00,1399.00,300092.00,244724.00,NULL,NULL
796,248785,2562.00,191453.00,NULL,NULL,349242.00,NULL,NULL,NULL
797,378970,NULL,NULL,NULL,NULL,NULL,NULL,NULL,NULL
798,308597,1780.00,270257.00,NULL,1131.00,NULL,NULL,NULL,NULL
799,182033,1080.00,NULL,NULL,NULL,NULL,NULL,NULL,NULL
800,460091,NULL,568597.00,NULL,1147.00,392615.00,NULL,2899.00,NULL
801,463302,1815.00,161756.00,NULL,NULL,358584.00,NULL,NULL,NULL
802,93744,2941.00,NULL,1700.00,NULL,NULL,458822.00,1840.00,2035.00
803,236512,NULL,NULL,2745.00,1207.00,NULL,NULL,2495.00,NULL
804,480719,1668.00,501478.00,NULL,NULL,NULL,NULL,2355.00,2681.00
805,226575,NULL,189286.00,2548.00,NULL,NULL,NULL,2487.00,NULL
806,363855,3123.00,547932.00,897.00,NULL,NULL,NULL,NULL,4353.00
807,120386,NULL,NULL,NULL,1295.00,NULL,NULL,NULL,NULL
808,420302,NULL,NULL,NULL,NULL,NULL,NULL,NULL,NULL
809,203781,NULL,NULL,NULL,1107.00,491420.00,NULL,2133.00,NULL
810,144264,NULL,150529.00,2477.00,NULL,NULL,NULL,1030.00,NULL
811,360479,1642.00,333207.00,NULL,724.00,NULL,431630.00,NULL,1946.00
812,461613,3295.00,NULL,1593.00,NULL,NULL,107867.00,1625.00,5285.00
813,237768,NULL,NULL,NULL,NULL,NULL,220507.00,NULL,4364.00
814,302976,3132.00,NULL,NULL,NULL,510112.00,NULL,1931.00,2764.00
815,191231,NULL,NULL,1382.00,1925.00,NULL,549502.00,2214.00,NULL
816,359110,NULL,NULL,NULL,NULL,NULL,327053.00,2697.00,NULL
817,367292,3167.00,307659.00,2736.00,NULL,212444.00,NULL,NULL,NULL
818,469653,NULL,194203.00,864.00,1088.00,NULL,NULL,NULL,1488.00
819,359932,1800.00,342458.00,867.00,NULL,NULL,NULL,NULL,1404.00
820,333782,NULL,NULL,1667.00,1622.00,299037.00,NULL,NULL,NULL
821,99784,NULL,NULL,NULL,1146.00,NULL,228381.00,NULL,4312.00
822,248470,3303.00,447008.00,NULL,NULL,NULL,NULL,NULL,NULL
823,383712,3167.00,NULL,NULL,NULL,NULL,187873.00,NULL,NULL
824,440439,NULL,539706.00,1478.00,NULL,NULL,NULL,NULL,NULL
825,165832,2685.00,265753.00,NULL,NULL,396131.00,NULL,NULL,1913.00
826,142957,NULL,NULL,928.00,NULL,589416.00,222540.00,NULL,NULL
827,367200,NULL,256268.00,2533.00,NULL,NULL,123114.00,NULL,NULL
828,249889,1503.00,NULL,3136.00,NULL,NULL,NULL,NULL,NULL
829,265205,NULL,243719.00,NULL,1547.00,NULL,NULL,2052.00,2763.00
830,493247,NULL,NULL,NULL,NULL,NULL,423464.00,1413.00,1610.00
831,345639,NULL,408484.00,2400.00,NULL,522067.00,501351.00,3491.00,NULL
832,475685,NULL,524776.00,1239.00,1881.00,NULL,NULL,2955.00,NULL
833,346351,1481.00,NULL,NULL,723.00,NULL,NULL,NULL,NULL
834,186324,NULL,524993.00,2327.00,NULL,NULL,NULL,3232.00,NULL
835,446100,NULL,NULL,NULL,1866.00,428509.00,224272.00,1451.00,NULL
836,365566,NULL,NULL,NULL,NULL,NULL,422811.00,1922.00,4152.00
837,489599,NULL,NULL,NULL,NULL,NULL,127001.00,2145.00,NULL
838,217000,NULL,NULL,3721.00,NULL,NULL,NULL,NULL,NULL
839,167271,1483.00,NULL,NULL,NULL,291019.00,NULL,1960.00,NULL
840,369768,NULL,NULL,NULL,981.00,NULL,NULL,NULL,1343.00
841,101531,1801.00,NULL,2248.00,NULL,NULL,NULL,1898.00,1400.00
842,332289,3408.00,121654.00,NULL,1513.00,NULL,NULL,NULL,NULL
843,303186,NULL,NULL,2567.00,NULL,NULL,514650.00,NULL,3085.00
844,210232,NULL,NULL,NULL,NULL,123760.00,NULL,1062.00,3097.00
845,362405,2945.00,NULL,NULL,927.00,454542.00,NULL,NULL,NULL
846,470688,NULL,NULL,2116.00,NULL,NULL,NULL,NULL,NULL
847,272065,NULL,NULL,2583.00,1728.00,NULL,NULL,2712.00,2643.00
848,307955,1087.00,NULL,2740.00,967.00,NULL,286120.00,NULL,NULL
849,334846,NULL,544526.00,NULL,NULL,NULL,NULL,1365.00,NULL
850,360480,3269.00,NULL,NULL,NULL,578748.00,306304.00,NULL,1919.00
851,187167,3015.00,524761.00,3018.00,NULL,NULL,480374.00,1399.00,NULL
852,469628,NULL,596131.00,NULL,NULL,276835.00,NULL,2220.00,NULL
853,145116,NULL,207736.00,NULL,NULL,NULL,459723.00,3319.00,NULL
854,432645,NULL,NULL,2086.00,NULL,NULL,121068.00,1630.00,4511.00
855,277473,2090.00,585643.00,NULL,791.00,496285.00,NULL,2118.00,3169.00
856,299458,3062.00,NULL,NULL,1982.00,NULL,NULL,NULL,1152.00
857,410944,NULL,NULL,1053.00,NULL,NULL,NULL,2161.00,NULL
858,419570,NULL,NULL,NULL,NULL,NULL,134347.00,NULL,NULL
859,257267,1570.00,299150.00,NULL,NULL,NULL,NULL,NULL,NULL
860,108869,NULL,NULL,NULL,NULL,NULL,NULL,1742.00,NULL
861,140298,NULL,NULL,NULL,1876.00,NULL,187729.00,NULL,NULL
862,249298,NULL,NULL,NULL,742.00,123174.00,136708.00,1102.00,NULL
863,423294,NULL,NULL,NULL,NULL,440760.00,NULL,1769.00,NULL
864,258861,1843.00,NULL,NULL,NULL,NULL,NULL,NULL,2519.00
865,187815,3482.00,490036.00,NULL,NULL,NULL,NULL,NULL,NULL
866,192148,1303.00,NULL,NULL,NULL,NULL,NULL,2169.00,2781.00
867,476420,NULL,152167.00,NULL,1449.00,NULL,440949.00,3224.00,2988.00
868,97099,2054.00,NULL,1545.00,1674.00,NULL,NULL,NULL,2687.00
869,175202,1526.00,NULL,NULL,NULL,NULL,331231.00,3118.00,NULL
870,217143,NULL,NULL,2463.00,NULL,NULL,NULL,NULL,5063.00
871,105599,NULL,NULL,NULL,NULL,375242.00,NULL,NULL,1265.00
872,246514,NULL,NULL,3917.00,NULL,NULL,214810.00,NULL,NULL
873,243587,NULL,NULL,NULL,NULL,NULL,215550.00,NULL,NULL
874,423614,NULL,NULL,2752.00,NULL,388843.00,NULL,NULL,NULL
875,245240,NULL,137927.00,NULL,NULL,523683.00,NULL,NULL,2893.00
876,217243,NULL,NULL,NULL,771.00,NULL,NULL,2092.00,NULL
877,242996,NULL,NULL,1958.00,NULL,NULL,517617.00,NULL,NULL
878,121410,2167.00,NULL,NULL,NULL,NULL,NULL,2437.00,NULL
879,436010,NULL,NULL,3870.00,1049.00,NULL,NULL,NULL,3554.00
880,412061,1544.00,270008.00,NULL,NULL,322425.00,NULL,NULL,NULL
881,169196,NULL,293215.00,1013.00,NULL,NULL,283284.00,NULL,NULL
882,302462,889.00,230830.00,3100.00,NULL,NULL,NULL,NULL,3221.00
883,444523,NULL,NULL,NULL,NULL,289100.00,494131.00,1081.00,NULL
884,217702,NULL,171203.00,NULL,NULL,NULL,NULL,1054.00,NULL
885,119665,NULL,129942.00,NULL,1690.00,328801.00,187263.00,2561.00,NULL
886,108600,1744.00,107056.00,NULL,1161.00,314134.00,313193.00,NULL,NULL
887,283238,3403.00,NULL,2036.00,1930.00,NULL,NULL,NULL,NULL
888,168596,3310.00,312562.00,3468.00,1144.00,NULL,309157.00,NULL,2464.00
889,182755,2147.00,550471.00,NULL,1376.00,NULL,469197.00,2445.00,2254.00
890,293100,NULL,152523.00,NULL,NULL,NULL,NULL,NULL,NULL
891,307528,NULL,108618.00,NULL,NULL,NULL,292312.00,NULL,1737.00
892,172204,NULL,463017.00,NULL,NULL,414471.00,NULL,1525.00,NULL
893,106379,NULL,564499.00,NULL,NULL,597776.00,309963.00,1629.00,NULL
894,492116,1992.00,NULL,3070.00,NULL,NULL,112104.00,NULL,NULL
895,407266,NULL,NULL,3258.00,1697.00,NULL,NULL,NULL,1859.00
896,250803,NULL,NULL,NULL,NULL,NULL,NULL,3278.00,NULL
897,190290,NULL,NULL,NULL,1740.00,NULL,NULL,NULL,NULL
898,459292,NULL,NULL,2093.00,NULL,162689.00,NULL,3072.00,NULL
899,373233,2959.00,NULL,1991.00,866.00,NULL,118230.00,NULL,NULL
900,328925,1564.00,175929.00,NULL,1927.00,NULL,205727.00,2097.00,NULL
901,219065,NULL,NULL,NULL,NULL,NULL,493961.00,NULL,NULL
902,103796,3313.00,NULL,NULL,NULL,NULL,NULL,3008.00,1539.00
903,220598,NULL,NULL,NULL,NULL,NULL,184479.00,NULL,2961.00
904,211786,NULL,NULL,NULL,741.00,NULL,105207.00,1680.00,1717.00
905,179420,2845.00,NULL,3150.00,796.00,NULL,NULL,NULL,NULL
906,143325,NULL,386694.00,NULL,716.00,526827.00,NULL,3452.00,3134.00
907,350855,NULL,NULL,NULL,NULL,NULL,NULL,NULL,NULL
908,340476,3055.00,NULL,2679.00,NULL,NULL,NULL,NULL,NULL
909,412979,NULL,192754.00,1869.00,NULL,NULL,345480.00,NULL,4862.00
910,146578,2661.00,332416.00,3899.00,1164.00,NULL,466546.00,NULL,3216.00
911,292336,NULL,NULL,NULL,911.00,NULL,191341.00,2965.00,5219.00
912,174503,NULL,176754.00,NULL,NULL,NULL,178747.00,NULL,3216.00
913,488907,NULL,NULL,NULL,NULL,NULL,233605.00,NULL,NULL
914,332399,2090.00,NULL,3994.00,NULL,409204.00,132545.00,NULL,NULL
915,310882,NULL,225323.00,2070.00,NULL,NULL,488921.00,NULL,2028.00
916,351795,NULL,NULL,NULL,1435.00,NULL,NULL,NULL,NULL
917,204200,NULL,NULL,NULL,NULL,NULL,NULL,1355.00,NULL
918,153183,NULL,NULL,NULL,1354.00,250360.00,NULL,NULL,4686.00
919,137697,NULL,NULL,2255.00,1619.00,NULL,193783.00,NULL,NULL
920,453843,NULL,152654.00,3962.00,1369.00,NULL,NULL,NULL,NULL
921,408650,NULL,239494.00,NULL,NULL,NULL,NULL,NULL,5145.00
922,399736,2154.00,98964.00,NULL,NULL,586698.00,NULL,1395.00,NULL
923,409330,NULL,NULL,NULL,NULL,164263.00,NULL,NULL,2320.00
924,171266,3412.00,467235.00,NULL,1161.00,553564.00,NULL,NULL,NULL
925,386118,NULL,NULL,NULL,NULL,NULL,NULL,NULL,NULL
926,262243,NULL,NULL,NULL,945.00,NULL,181200.00,2635.00,3611.00
927,116252,3234.00,567553.00,NULL,NULL,295031.00,NULL,NULL,NULL
928,103423,NULL,466117.00,3765.00,NULL,598125.00,NULL,NULL,NULL
929,469577,NULL,NULL,1858.00,1108.00,NULL,NULL,NULL,4245.00
930,198856,NULL,NULL,NULL,NULL,NULL,NULL,NULL,NULL
931,191202,2432.00,NULL,NULL,NULL,574446.00,NULL,NULL,NULL
932,336197,1319.00,NULL,2076.00,1597.00,386449.00,NULL,NULL,NULL
933,436998,NULL,565530.00,NULL,753.00,NULL,NULL,NULL,NULL
934,454431,NULL,NULL,NULL,NULL,246162.00,292810.00,NULL,NULL
935,450884,1689.00,NULL,NULL,1215.00,266890.00,NULL,NULL,3958.00
936,212634,3471.00,515235.00,NULL,1441.00,170761.00,NULL,NULL,5247.00
937,457235,NULL,571939.00,NULL,NULL,NULL,218728.00,3160.00,NULL
938,230035,NULL,NULL,NULL,1125.00,NULL,NULL,NULL,NULL
939,364646,NULL,NULL,NULL,NULL,NULL,NULL,NULL,5346.00
940,258080,2668.00,NULL,NULL,1324.00,NULL,NULL,NULL,NULL
941,364058,NULL,NULL,NULL,1042.00,NULL,489273.00,NULL,2775.00
942,490145,NULL,NULL,1167.00,1258.00,NULL,389741.00,NULL,3051.00
943,372456,1527.00,NULL,NULL,NULL,408383.00,449690.00,NULL,NULL
944,437522,NULL,177918.00,3936.00,1269.00,NULL,145601.00,NULL,NULL
945,202031,NULL,385121.00,1305.00,NULL,NULL,255283.00,NULL,NULL
946,205882,NULL,NULL,NULL,NULL,309366.00,419146.00,1858.00,NULL
947,129201,NULL,NULL,NULL,NULL,134422.00,235553.00,2877.00,3671.00
948,119022,NULL,509706.00,2243.00,1266.00,NULL,369532.00,3069.00,3921.00
949,374285,NULL,542326.00,813.00,NULL,NULL,258215.00,3409.00,NULL
950,459373,1715.00,389677.00,NULL,861.00,NULL,501204.00,NULL,2069.00
951,103722,2741.00,104256.00,NULL,NULL,139094.00,NULL,NULL,NULL
952,316135,NULL,NULL,NULL,NULL,NULL,NULL,NULL,4878.00
953,172226,NULL,366514.00,NULL,NULL,NULL,146146.00,2954.00,1284.00
954,344786,947.00,NULL,NULL,NULL,NULL,NULL,NULL,NULL
955,265805,NULL,NULL,NULL,1332.00,NULL,NULL,1465.00,2051.00
956,419060,1161.00,511362.00,NULL,NULL,NULL,NULL,3404.00,1453.00
957,434372,NULL,NULL,NULL,NULL,NULL,NULL,NULL,NULL
958,352897,NULL,125646.00,1970.00,NULL,NULL,NULL,923.00,NULL
959,448091,NULL,588330.00,1431.00,NULL,571092.00,NULL,NULL,3382.00
960,433283,NULL,NULL,NULL,NULL,NULL,503046.00,NULL,NULL
961,158758,1520.00,NULL,998.00,NULL,435380.00,NULL,3028.00,NULL
962,184147,2691.00,NULL,NULL,1400.00,NULL,331075.00,NULL,3015.00
963,250236,NULL,348122.00,NULL,1410.00,NULL,177288.00,NULL,NULL
964,412266,NULL,NULL,3404.00,NULL,241450.00,NULL,2070.00,2519.00
965,348150,826.00,NULL,NULL,NULL,NULL,101735.00,NULL,NULL
966,439600,1486.00,NULL,NULL,1802.00,497763.00,NULL,NULL,3708.00
967,410770,NULL,NULL,NULL,NULL,403970.00,NULL,1558.00,NULL
968,144347,NULL,NULL,NULL,NULL,NULL,NULL,1601.00,3934.00
969,353510,NULL,NULL,NULL,NULL,137108.00,NULL,NULL,NULL
970,155974,NULL,270986.00,NULL,1320.00,106735.00,143201.00,NULL,4085.00
971,246759,1125.00,NULL,NULL,1196.00,NULL,NULL,NULL,4878.00
972,315155,NULL,170995.00,NULL,NULL,NULL,340796.00,1054.00,4952.00
973,243639,NULL,NULL,NULL,NULL,362576.00,272058.00,NULL,NULL
974,214503,NULL,549737.00,NULL,NULL,322143.00,195917.00,2104.00,2210.00
975,285289,NULL,NULL,NULL,1704.00,383556.00,NULL,1998.00,3656.00
976,127031,NULL,NULL,862.00,NULL,NULL,NULL,2916.00,NULL
977,214954,1364.00,150917.00,NULL,979.00,585296.00,373294.00,2597.00,3268.00
978,483456,NULL,NULL,NULL,NULL,527386.00,NULL,NULL,1688.00
979,390845,NULL,207170.00,NULL,1200.00,NULL,492295.00,NULL,5424.00
980,383960,1798.00,360367.00,3018.00,NULL,317442.00,NULL,1188.00,NULL
981,292081,NULL,NULL,NULL,1567.00,NULL,272401.00,NULL,NULL
982,236751,NULL,190744.00,NULL,NULL,349345.00,NULL,NULL,NULL
983,128737,NULL,NULL,1752.00,1051.00,NULL,341099.00,NULL,4949.00
984,412018,3439.00,209525.00,3736.00,NULL,NULL,527988.00,NULL,NULL
985,449203,NULL,NULL,NULL,1298.00,93466.00,NULL,NULL,NULL
986,491202,NULL,371138.00,2094.00,NULL,93720.00,NULL,3081.00,NULL
987,231033,1056.00,NULL,1599.00,NULL,NULL,NULL,NULL,1589.00
988,443839,1345.00,NULL,3101.00,NULL,NULL,NULL,NULL,NULL
989,396065,NULL,NULL,NULL,NULL,NULL,421662.00,NULL,2986.00
990,439375,NULL,NULL,1758.00,NULL,518207.00,NULL,NULL,2800.00
991,162335,NULL,NULL,2281.00,NULL,NULL,286104.00,NULL,NULL
992,285549,NULL,161933.00,2983.00,1550.00,462283.00,379902.00,NULL,NULL
993,386384,NULL,NULL,NULL,1163.00,492370.00,446655.00,NULL,NULL
994,209612,3004.00,NULL,NULL,NULL,NULL,NULL,NULL,NULL
995,108294,1589.00,111540.00,NULL,NULL,NULL,NULL,2070.00,NULL
996,112069,NULL,548974.00,1067.00,1758.00,NULL,113904.00,NULL,4408.00
997,247241,NULL,206327.00,3540.00,1455.00,NULL,255258.00,1687.00,2680.00
998,150307,NULL,493488.00,911.00,1605.00,528756.00,304533.00,1853.00,NULL
999,455731,3083.00,NULL,1871.00,NULL,NULL,125662.00,3483.00,NULL
1000,167637,1350.00,486262.00,NULL,NULL,NULL,114875.00,2830.00,NULL
